{"id":"1022","samples":[{"sample_id":"1022A","day":-4.0,"comp":[0.120837,0.0,0.0,0.0,0.00183296,0.0,0.000701052,0.263639,0.0,0.0,0.000321316,0.0,0.000817894,8.03289e-05,0.000481973,0.00476862,0.0,0.197156,0.0,2.92105e-05,0.0,0.0,0.0193081,0.00557921,0.0,0.0491467,8.76315e-05,2.19079e-05,0.0,0.0,0.0,0.0118741,0.000204474,0.000102237,3.65131e-05,0.00289184,0.00497309,0.0282758,0.00016796,0.000233684,0.0,0.000679144,0.000219079,0.000131447,0.00308901,0.0,0.00212506,0.0,0.00016796,0.0,0.0,3.65131e-05,0.0,0.000394342,0.0,0.0211338,0.015299,0.0,0.0030452,0.0,0.0,0.0,0.000912829,0.000262895,0.0,0.0,0.0,0.0,0.0,0.0,0.0,0.0,0.0,1.46053e-05,4.38158e-05,0.0,1.46053e-05,5.11184e-05,9.49342e-05,0.0,0.0,0.0,0.0,0.0,3.65131e-05,0.0,0.0,0.00673302,3.65131e-05,0.0282612,0.0,0.0,0.0,0.0,0.0,0.0,0.00153355,4.38158e-05,4.38158e-05,0.000328618,0.000321316,0.00016796,0.0,0.0,0.000116842,0.0,0.00158467,0.0,5.8421e-05,0.0,0.0,5.11184e-05,0.0,0.0022127,0.0,0.17806,0.0,0.0180302,0.0,5.8421e-05,0.0,0.0,0.000664539,0.000197171,0.000175263,0.0,0.0,0.0,0.0,0.0,0.0,0.0,0.0,0.0,0.0,0.0]},{"sample_id":"1022C","day":679.0,"comp":[0.311956,0.0,0.0,0.0,0.00154652,0.0,0.0,0.0319088,0.0,0.0,0.0014834,0.00056811,0.0717712,0.0,0.00037874,0.000473425,0.0,0.0572529,0.000725918,0.0,0.0,0.0052708,0.000694357,0.0,0.0,0.0,0.0,0.0,0.0,0.0,0.0,0.0,0.0,0.0,0.002304,0.0,0.0048605,0.149129,0.0,0.000220932,0.0,0.0,0.00018937,0.0,0.00309304,0.0010731,0.0018937,0.0,0.00470269,0.0,0.00157808,0.0,0.0,0.0,0.0,0.00056811,0.0114569,0.0,0.00564954,0.0,0.00236713,0.0,0.0086479,0.0,0.000978412,0.0,0.0,0.0,0.0,0.0,0.0,0.0,0.0,0.00129403,0.0,0.0,0.0,0.0,0.0,0.000536548,0.0,0.00287211,0.0,0.0,0.0,0.0,0.0018937,0.0,0.000157808,0.00176745,0.0368325,0.00167277,0.0,0.0,0.0,0.0,0.00397677,0.0,0.000631233,0.00037874,0.0,0.019726,0.0,0.00246181,0.0,0.0,0.00211463,0.0,0.0,0.0,0.0,0.0689307,0.00426083,0.0,0.0,0.0671632,0.00037874,0.00479737,0.000725918,0.0,0.0,0.0,0.00779573,0.0856584,0.00123091,0.0,0.0,0.0,0.0,0.0,0.0,0.0,0.0,0.0,0.0,0.0]}],"schedule":{"cephalosporins":[[-2.0,8.0],[261.0,266.0],[676.0,676.0],[677.0,683.0],[736.0,738.0],[1037.0,1037.0],[1338.0,1339.0]],"glycopeptide_antibiotics":[[-2.0,12.0],[15.0,20.0],[258.0,266.0],[405.0,405.0],[406.0,410.0],[413.0,420.0],[736.0,736.0],[806.0,806.0],[807.0,817.0],[823.0,823.0],[824.0,828.0],[833.0,833.0],[851.0,855.0],[1339.0,1339.0],[1340.0,1342.0]],"penicillins":[[9.0,13.0],[15.0,20.0],[26.0,27.0],[257.0,257.0],[258.0,261.0],[342.0,350.0],[404.0,404.0],[405.0,405.0],[790.0,790.0],[807.0,809.0],[848.0,851.0],[855.0,855.0],[1024.0,1026.0],[1253.0,1253.0],[1339.0,1340.0]],"carbapenems":[[405.0,406.0],[407.0,407.0]],"macrolide_derivatives":[[406.0,409.0],[410.0,410.0],[413.0,413.0],[414.0,419.0],[676.0,676.0],[677.0,680.0]],"quinolones":[[530.0,530.0],[851.0,854.0],[1108.0,1108.0]],"metronidazole":[[806.0,806.0],[851.0,854.0],[1108.0,1108.0]]},"abx_order":["carbapenems","cephalosporins","glycopeptide_antibiotics","macrolide_derivatives","metronidazole","penicillins","quinolones","aminoglycosides","aztreonam","glycylcyclines","leprostatics","lincomycin_derivatives","oxazolidinone_antibiotics","sulfonamides","tetracyclines"],"observed":[],"day_range":[-4.0,679.0]}