{"id":"1024","samples":[{"sample_id":"1024A","day":-5.0,"comp":[0.220627,0.0,0.0,0.0,0.00376452,0.00307652,0.070124,0.000298566,0.000687999,0.0,0.0,0.000662037,0.0493023,7.78867e-05,0.0431233,0.000454339,1.29811e-05,0.0842474,0.0,0.0379568,0.0,0.000220679,0.0,0.0,0.000597131,0.00023366,0.000181736,0.0,0.0,0.0,0.0,0.00228468,0.00102551,0.0121503,0.00355682,0.00023366,0.0,0.0128124,0.044668,0.000311547,0.0,0.0,0.240177,0.0269358,0.00023366,0.0,0.000363471,0.0,0.0015837,0.0,0.000142792,3.89433e-05,0.0,0.000389433,0.00523139,0.0,0.00171351,0.0,0.00970987,0.0,0.00491984,0.0,0.000480301,0.00101253,0.0,0.0,0.0,0.0,0.0,0.0,0.000181736,0.0,0.0,0.00023366,5.19244e-05,0.0,0.0,0.000376452,0.000207698,3.89433e-05,0.0,0.0,0.0,5.19244e-05,0.0,0.0,0.000454339,0.00510158,0.000272603,0.000194717,0.00972285,0.000363471,0.0,0.0,0.0,0.00141494,0.0124619,0.0117479,0.00373856,0.000493282,0.00011683,0.00395924,0.0,0.0,0.0,0.0,0.017161,0.000337509,0.00023366,0.000207698,0.000103849,0.00171351,0.00232362,0.0,0.0,0.0050886,0.00035049,0.00070098,0.000493282,0.00109041,0.000882716,0.000454339,0.00146687,0.00638671,0.0241968,0.0,0.0,0.0,0.0,0.0,0.0,0.0,0.0,0.0,0.0,0.0]},{"sample_id":"1024G","day":286.0,"comp":[0.0366459,0.0,0.0,0.0,0.0,0.0,0.0,0.0,0.0,0.0,0.0,0.0,0.0,0.0,0.0,0.0,0.0,0.0,0.0,0.0,0.0,0.0,0.0,0.0,0.0,0.00528057,0.0,0.0,0.0,0.0,0.0,0.0,0.0,0.0,0.0,0.0,0.399478,0.00674386,0.0,0.0,0.0,0.0,0.0,0.0,0.0,0.0,0.0,0.0,0.0,0.0,0.0,0.0,0.0,0.0,0.0,0.0,0.0,0.0,0.0,0.0,0.0,0.0,0.000572592,0.0,0.0,0.0,0.0,0.0,0.0,0.0,0.0,0.0,0.0,0.0,0.0,0.0,0.0,0.0,0.0,0.0,0.0,0.0,0.0,0.0,0.0,0.0,0.0,0.0,0.0,0.0,0.0,0.0,0.0,0.0,0.0,0.0,0.0,0.0,0.0,0.0,0.0,0.0,0.0,0.0,0.0,0.0,0.00273572,0.0,0.0,0.0,0.0,0.0,0.0,0.0,0.0,0.548543,0.0,0.0,0.0,0.0,0.0,0.0,0.0,0.0,0.0,0.0,0.0,0.0,0.0,0.0,0.0,0.0,0.0,0.0,0.0,0.0]}],"schedule":{"glycopeptide_antibiotics":[[-2.0,-2.0],[-1.0,12.0],[13.0,15.0],[64.0,64.0],[65.0,65.0],[66.0,66.0],[274.0,274.0],[276.0,276.0],[314.0,314.0],[349.0,349.0],[434.0,434.0],[503.0,503.0],[505.0,505.0],[515.0,515.0],[517.0,517.0],[519.0,519.0],[521.0,521.0]],"quinolones":[[-2.0,9.0],[66.0,66.0],[68.0,68.0],[70.0,70.0],[293.0,293.0],[295.0,295.0],[297.0,297.0],[299.0,299.0],[301.0,301.0],[303.0,303.0],[305.0,305.0],[307.0,307.0],[1009.0,1009.0],[1276.0,1276.0]],"metronidazole":[[6.0,9.0],[1009.0,1010.0]],"aztreonam":[[9.0,12.0],[13.0,17.0],[21.0,23.0],[64.0,67.0],[274.0,275.0],[276.0,276.0],[315.0,315.0],[349.0,349.0],[503.0,503.0],[504.0,504.0]],"oxazolidinone_antibiotics":[[66.0,66.0],[67.0,71.0]],"macrolide_derivatives":[[239.0,242.0],[274.0,275.0],[276.0,277.0],[278.0,283.0],[314.0,320.0],[434.0,437.0],[505.0,505.0],[516.0,521.0],[659.0,659.0],[946.0,946.0],[1010.0,1012.0],[1015.0,1017.0],[1039.0,1039.0]],"carbapenems":[[276.0,280.0],[281.0,292.0],[314.0,314.0]]},"abx_order":["aztreonam","carbapenems","glycopeptide_antibiotics","macrolide_derivatives","metronidazole","oxazolidinone_antibiotics","quinolones","aminoglycosides","cephalosporins","glycylcyclines","leprostatics","lincomycin_derivatives","penicillins","sulfonamides","tetracyclines"],"observed":[],"day_range":[-5.0,286.0]}