{"id":"107","samples":[{"sample_id":"107C","day":110.0,"comp":[0.229229,0.0,0.0,0.0,0.00144589,0.0,0.0,0.0,0.0,0.0,0.0,0.0,0.0,0.0,0.0,0.0,0.0,0.0,0.0,0.0,0.0,0.0,0.0,0.0903125,0.0,0.0,0.0,0.0,0.0,0.0,0.0,0.0,0.0,0.0,0.0,0.0,0.0425982,0.0,0.0,0.0,0.0,0.0,0.0,0.0,0.0,0.0,0.0,0.0,0.0,0.0,0.0,0.0,0.0,0.0,0.0,0.0,0.000444889,0.0,0.0,0.0,0.0,0.0,0.176287,0.0,0.0,0.0,0.0,0.0,0.0,0.0,0.0,0.0,0.0,0.0,0.0,0.0,0.0,0.0,0.0,0.0,0.0,0.0,0.0,0.0,0.0,0.0,0.0,0.0,0.0,0.00111222,0.0,0.0,0.0,0.0,0.0,0.0,0.0,0.0,0.0,0.0,0.0,0.0,0.0,0.0,0.00600601,0.0,0.00700701,0.0,0.444222,0.0,0.0,0.0,0.0,0.001001,0.0,0.000333667,0.0,0.0,0.0,0.0,0.0,0.0,0.0,0.0,0.0,0.0,0.0,0.0,0.0,0.0,0.0,0.0,0.0,0.0,0.0,0.0]},{"sample_id":"107D","day":111.0,"comp":[0.378855,0.0,0.0,0.0,0.000839102,0.0,0.0,0.0,0.0,0.0,0.0,0.0,0.0,0.0,0.0,0.0,0.0,0.0,0.0,0.0,0.0,0.0,0.0,0.0566394,0.0,0.0,0.0,0.0,0.0,0.0,0.0,0.0,0.0,0.0,0.0,0.0,0.0499266,0.0,0.0,0.0,0.0,0.0,0.0,0.0,0.0,0.0,0.0,0.0,0.0,0.0,0.0,0.0,0.0,0.0,0.0,0.0,0.0,0.0,0.0,0.0,0.0,0.0,0.290959,0.0,0.0,0.0,0.0,0.0,0.0,0.0,0.0,0.0,0.0,0.0,0.0,0.0,0.0,0.0,0.0,0.0,0.0,0.0,0.0,0.0,0.0,0.0,0.0,0.0,0.0,0.0115377,0.0,0.0,0.0,0.0,0.0,0.0,0.0,0.0,0.0,0.0,0.0,0.0,0.0,0.0,0.0,0.0,0.00881057,0.0,0.200755,0.0,0.0,0.0,0.0,0.0016782,0.0,0.0,0.0,0.0,0.0,0.0,0.0,0.0,0.0,0.0,0.0,0.0,0.0,0.0,0.0,0.0,0.0,0.0,0.0,0.0,0.0,0.0]},{"sample_id":"107E","day":632.0,"comp":[0.181001,0.0,0.0,0.0,0.0138466,0.0,0.0,0.0456382,0.0,0.0,0.0395199,0.000263466,0.008226,0.0,0.0,0.000468384,0.0,0.0367681,0.0,0.0,0.0,0.0,0.0,0.0305328,0.0,0.0,0.0,0.0,0.00313232,0.0,0.0,0.0,0.0,0.0,0.000966042,0.0192623,0.0247365,0.0927986,0.0,0.0,0.0,0.0,0.0,0.0,0.00204918,0.0,0.0,0.00283958,0.0,0.0,0.0,0.0,0.0,0.0,0.0,0.00143443,0.0904274,0.0,0.0297424,0.0,0.0,0.0,0.00374707,0.0,0.0015808,0.0,0.00029274,0.0,0.0,0.000936768,0.000790398,0.0,0.0,0.0,0.0,0.0,0.0,0.0,0.0,0.0,0.0,0.0,0.0,0.0,0.0,0.0,0.00553279,0.0,0.0,0.0,0.0398419,0.000263466,0.0,0.0,0.0,0.0,0.0,0.0,0.00521077,0.0,0.0,0.0,0.0,0.0,0.0,0.0,0.0276639,0.002137,0.0050644,0.000614754,0.0,0.0,0.0,0.00184426,0.0,0.17541,0.000761124,0.032377,0.000966042,0.0,0.000204918,0.0,0.0598653,0.00690867,0.00433255,0.0,0.0,0.0,0.0,0.0,0.0,0.0,0.0,0.0,0.0,0.0]}],"schedule":{"sulfonamides":[[-10.0,-2.0]],"cephalosporins":[[-9.0,-9.0],[246.0,246.0],[358.0,360.0],[364.0,374.0],[908.0,917.0],[1038.0,1039.0]],"glycopeptide_antibiotics":[[-1.0,12.0],[41.0,48.0],[361.0,361.0],[362.0,362.0],[365.0,365.0],[366.0,366.0],[368.0,368.0],[411.0,428.0],[513.0,519.0],[520.0,521.0],[631.0,634.0],[677.0,680.0],[901.0,901.0],[902.0,902.0],[907.0,917.0],[1020.0,1022.0]],"penicillins":[[2.0,16.0],[81.0,81.0],[82.0,89.0],[361.0,362.0],[513.0,519.0],[520.0,521.0],[630.0,630.0],[631.0,633.0],[677.0,677.0],[678.0,679.0],[680.0,680.0],[901.0,901.0],[902.0,907.0],[1020.0,1020.0],[1021.0,1022.0],[1027.0,1027.0],[1028.0,1028.0],[1032.0,1035.0],[1039.0,1045.0]],"carbapenems":[[3.0,3.0],[15.0,19.0],[362.0,364.0]],"metronidazole":[[40.0,48.0],[108.0,117.0],[411.0,411.0],[412.0,418.0]],"quinolones":[[108.0,118.0],[382.0,382.0],[383.0,383.0],[384.0,386.0]],"macrolide_derivatives":[[114.0,115.0],[378.0,382.0],[513.0,513.0],[514.0,514.0],[679.0,679.0],[901.0,901.0],[902.0,902.0],[903.0,903.0],[904.0,906.0]]},"abx_order":["carbapenems","cephalosporins","glycopeptide_antibiotics","macrolide_derivatives","metronidazole","penicillins","quinolones","sulfonamides","aminoglycosides","aztreonam","glycylcyclines","leprostatics","lincomycin_derivatives","oxazolidinone_antibiotics","tetracyclines"],"observed":[],"day_range":[110.0,632.0]}