{"id":"1086","samples":[{"sample_id":"1086A","day":-1.0,"comp":[0.0741347,0.0,0.0,3.84397e-05,0.0110091,0.0,6.91914e-05,0.000253702,0.069791,0.0,0.0,0.0,0.000107631,0.00123776,0.153759,0.00151452,0.0,0.00283685,0.0,0.000176822,0.0,0.0,0.0,0.0,0.0,0.000199886,0.0,0.0,0.0,0.0459431,0.0,4.61276e-05,0.0,3.07517e-05,0.0,0.0,0.0442748,0.247375,0.000568907,9.99431e-05,0.0,0.0,0.000276766,0.000230638,0.0,0.0,6.91914e-05,0.0,3.84397e-05,0.0,0.0,0.0,0.0,0.000399772,2.30638e-05,3.84397e-05,0.000153759,0.0,0.000307517,0.0,3.84397e-05,0.0,0.00155296,0.0,0.0,1.53759e-05,0.0,0.0,0.0,0.0,0.0,0.0,6.15035e-05,0.00246014,0.0893338,8.45672e-05,0.0,0.0,0.00022295,0.0,0.0,0.0,0.0,2.30638e-05,0.0,0.0,0.0,6.15035e-05,0.00346726,0.0,6.91914e-05,3.84397e-05,0.0,0.0,6.15035e-05,0.0,0.0,0.0,3.07517e-05,0.000345957,0.0,0.000814921,0.0,0.0,0.000599659,0.0,0.00270615,7.68793e-05,0.0,0.0,0.0,2.30638e-05,5.38155e-05,0.000461276,0.0,0.241739,0.0,0.000123007,0.0,5.38155e-05,0.0,0.0,0.0,0.000369021,0.000107631,0.0,0.0,0.0,0.0,0.0,0.0,0.0,0.0,0.0,0.0,0.0]},{"sample_id":"1086C","day":15.0,"comp":[0.0421013,0.0,0.0,0.0,0.0107251,0.0,0.000210296,0.000294415,0.00622476,0.0,0.0,0.0,0.0,0.0011356,0.0512702,0.0,0.0,0.000462651,0.0,0.0,0.0,0.0,0.0,0.000168237,0.0,0.0,0.0,0.0,0.0,0.0587567,0.0,0.0,0.0,0.0,0.0,0.0,0.367513,0.000504711,0.0,0.0,0.0,0.0,0.0,0.0,0.0,0.0,0.0,0.0,0.0,0.0,0.0,0.0,0.0,0.0,0.0,0.0,0.0,0.0,0.0,0.0,0.0,0.0,0.0483681,0.0,0.0,0.0,0.0,0.0,0.0,0.0,0.0,0.0,0.0,0.0,0.00235532,0.0,0.0,0.0,0.0,0.0,0.0,0.0,0.0,0.0,0.0,0.0,0.0,0.0,0.00193472,0.0,0.0,0.0,0.0,0.0,0.0,0.0,0.0,0.0,0.0,0.0,0.0,0.0,0.0,0.0,0.0128701,0.0,0.0357083,0.0,0.000126178,0.0,0.0,0.0,0.0,0.00424798,0.000168237,0.354517,0.0,0.0,0.0,0.0,0.0,0.0,0.0,0.000336474,0.0,0.0,0.0,0.0,0.0,0.0,0.0,0.0,0.0,0.0,0.0,0.0]}],"schedule":{"penicillins":[[-125.0,-120.0],[-48.0,-42.0],[-37.0,-23.0]],"quinolones":[[-84.0,-81.0],[-42.0,-37.0],[-6.0,13.0],[14.0,22.0]],"glycopeptide_antibiotics":[[-52.0,-48.0],[-37.0,-32.0],[-5.0,9.0],[11.0,11.0],[12.0,22.0]],"carbapenems":[[-52.0,-48.0]],"macrolide_derivatives":[[-51.0,-49.0],[-48.0,-46.0],[140.0,145.0]],"sulfonamides":[[-50.0,-50.0]],"cephalosporins":[[-6.0,-6.0]]},"abx_order":["carbapenems","cephalosporins","glycopeptide_antibiotics","macrolide_derivatives","penicillins","quinolones","sulfonamides","aminoglycosides","aztreonam","glycylcyclines","leprostatics","lincomycin_derivatives","metronidazole","oxazolidinone_antibiotics","tetracyclines"],"observed":[],"day_range":[-1.0,15.0]}