{"id":"1096","samples":[{"sample_id":"1096C","day":274.0,"comp":[0.078034,0.0,0.0,0.0,0.000487712,0.0,0.0482564,0.0,0.0,0.0,0.0,0.000325142,0.0104316,0.0,0.0,0.0,0.0,0.0363075,0.00157152,0.0,0.0,0.000325142,0.0,0.0,0.00311594,0.0,0.00241147,0.0,0.0,0.0,0.0,0.000568998,0.000189666,0.000975425,0.00200504,0.00211342,0.00130057,0.057252,0.0,0.000270951,0.0,0.0,0.0855664,0.020782,0.00094833,0.0,0.000243856,0.0,0.0515891,0.0,0.0,0.0,0.0,0.000108381,0.00132766,0.0,0.0165009,0.0,0.000975425,0.000921234,0.00894139,0.0,0.000298046,0.0,0.0,0.0,0.0,0.0,0.0,0.0,0.000379332,0.0,0.0,0.000325142,0.0,0.0,0.0,0.0,0.0,0.0,0.0,0.0,0.0,0.0,0.0,0.0,0.00108381,0.00246566,0.0,0.0,0.0115967,0.000135476,0.0,0.0,0.0,0.0,0.00517517,0.00552741,0.0168261,0.371962,0.0,0.00200504,0.0,0.0,0.0,0.0,0.00677378,0.0601783,0.0,0.0,0.00094833,0.00265532,0.000975425,0.0,0.0,0.00260113,0.0,0.0238166,0.0,0.0159319,8.12854e-05,0.0011109,0.000677378,0.00357656,0.029046,0.0,0.0,0.0,0.0,0.0,0.0,0.0,0.0,0.0,0.0,0.0]},{"sample_id":"1096D","day":368.0,"comp":[0.134547,0.0,0.0,0.0,0.000201375,0.0,0.00491931,0.0,0.0,0.0,0.0,0.000230143,0.00825638,0.0,8.63036e-05,0.0,0.0,0.0556371,0.00218636,0.0,0.0,0.000431518,0.0,0.0138373,0.00497684,0.00218636,0.00054659,0.0,0.0,0.0,0.0,0.00290556,0.00115071,0.0,0.00215759,0.0031357,0.0008055,0.0629441,0.0,0.00109318,0.0,0.0,0.0437559,0.0292569,0.000719197,0.0,0.00218636,0.0,0.0658497,0.0,0.0,0.0,0.0,0.0,0.00126579,0.0,0.0126003,0.0,0.00417134,0.00143839,0.0130031,0.0,0.00132332,0.0,0.0,0.0,0.0,0.0,0.0,0.0,0.00975231,0.0,0.0,0.00103564,0.0,0.0,0.0,0.0,0.0,0.0,0.0,0.0,0.0,0.0,0.0,8.63036e-05,0.0,0.00227266,0.0,0.0,0.0220937,0.000632893,0.0,0.000690429,0.0,0.0,0.0163689,0.0326803,0.0153045,0.191364,0.0,0.0109318,0.0,0.0,0.0,0.0,0.0118236,0.106786,0.000345214,0.000143839,0.00178361,0.00512068,0.000690429,0.0,0.0,0.0144127,0.0,0.0211732,0.000345214,0.0178936,0.0,0.00184114,0.000661661,0.0101263,0.0258335,0.0,0.0,0.0,0.0,0.0,0.0,0.0,0.0,0.0,0.0,0.0]}],"schedule":{"quinolones":[[-1490.0,-1484.0],[-2.0,0.0],[4.0,9.0],[1107.0,1107.0]],"glycopeptide_antibiotics":[[-1484.0,-1479.0],[-1472.0,-1472.0],[-2.0,14.0],[753.0,753.0],[754.0,755.0]],"penicillins":[[-1484.0,-1478.0],[-1472.0,-1470.0],[-1324.0,-1322.0],[0.0,4.0],[10.0,11.0],[617.0,617.0],[753.0,753.0],[754.0,754.0]],"macrolide_derivatives":[[-1478.0,-1478.0],[-1472.0,-1471.0],[754.0,755.0],[756.0,756.0]],"cephalosporins":[[-1470.0,-1470.0],[11.0,23.0],[754.0,756.0],[757.0,758.0],[762.0,762.0]],"sulfonamides":[[618.0,618.0]],"oxazolidinone_antibiotics":[[754.0,754.0]],"carbapenems":[[754.0,754.0]]},"abx_order":["carbapenems","cephalosporins","glycopeptide_antibiotics","macrolide_derivatives","oxazolidinone_antibiotics","penicillins","quinolones","sulfonamides","aminoglycosides","aztreonam","glycylcyclines","leprostatics","lincomycin_derivatives","metronidazole","tetracyclines"],"observed":[],"day_range":[274.0,368.0]}