{"id":"1097","samples":[{"sample_id":"1097A","day":-5.0,"comp":[0.127539,0.0,0.0,0.0,0.000419559,0.00109674,0.00482125,0.000456362,0.0,0.0,5.15248e-05,7.36068e-06,0.0172093,0.0,0.135635,0.0459675,0.0,0.0686531,0.00557204,0.00022082,0.0,0.0,0.0,0.0125279,0.00251735,0.000176656,0.00928182,0.0,0.0,0.0,0.0,6.62461e-05,0.000404837,0.0210295,0.000426919,5.15248e-05,0.000132492,0.00112618,0.208727,5.15248e-05,0.0,2.2082e-05,0.10143,7.36068e-05,7.36068e-05,1.47214e-05,8.09675e-05,0.000169296,0.0361925,0.0,0.0,0.0,0.00125132,0.000228181,0.0,0.0,0.000559412,0.0,0.00428392,0.000684543,0.0152145,0.000235542,0.0012734,0.00064774,0.0,0.0,8.09675e-05,0.00010305,0.0,0.0,6.62461e-05,5.15248e-05,0.0,0.0,0.00384228,0.0,0.0,0.0,0.000198738,0.0,0.0,0.0,0.0,0.0,2.94427e-05,0.0,0.00373187,0.00943639,0.000485805,0.0,0.00308413,5.88854e-05,0.000235542,0.000485805,3.68034e-05,5.15248e-05,0.00635227,0.0,5.15248e-05,0.000412198,7.36068e-05,0.000176656,0.0,0.0,0.000139853,0.0,0.0545942,0.0372598,5.88854e-05,0.000176656,0.0,4.41641e-05,0.000184017,0.000677183,0.0,0.000500526,4.41641e-05,0.0239958,0.0,0.0128959,0.0,0.0,0.00848686,0.00315037,0.00214196,0.0,0.0,0.0,0.0,0.0,0.0,0.0,0.0,0.0,0.0,0.0]},{"sample_id":"1097B","day":-3.0,"comp":[0.119303,0.0,0.0,0.000163364,0.00100352,0.000490093,0.00303391,0.00126024,0.000303391,0.0,0.0,0.0,0.0164765,0.0,0.110644,0.143271,0.0,0.0695232,0.00172699,0.000116689,0.0,0.0,0.0,0.000280053,0.00275386,0.000350067,0.0150295,0.0,0.0,0.0,0.0,0.0,0.000816822,0.0360802,0.000723471,0.000140027,0.00042008,0.00154029,0.132839,0.00021004,0.0,0.0,0.0124624,0.000303391,0.000256715,0.0,0.000536769,0.0,0.0184835,0.0,0.0,9.33511e-05,0.0,0.000466755,0.0,0.0,0.000326729,0.0,0.0127424,0.000350067,0.00163364,0.0,0.00522766,0.00170366,0.0,0.0,0.0,0.0,0.0,0.0,0.0,0.000256715,0.0,0.0,0.0218675,0.0,0.0,0.0,0.000583444,0.0,0.0,0.0,0.0,0.0,0.0,0.0,0.0022871,0.00618451,0.000443418,0.0,0.0022871,0.0,0.000233378,0.000396742,0.000280053,0.000163364,0.0033373,0.0,0.000116689,0.00084016,0.000163364,0.000396742,0.0,0.0,0.0,0.0,0.180471,0.0171766,0.000116689,0.0,0.0,0.000116689,0.00021004,0.000280053,0.0,0.000910173,0.0,0.000466755,0.0,0.0307358,0.0,0.0,0.0113888,0.00212374,0.00308059,0.0,0.0,0.0,0.0,0.0,0.0,0.0,0.0,0.0,0.0,0.0]}],"schedule":{"quinolones":[[-2.0,5.0],[451.0,451.0]],"glycopeptide_antibiotics":[[-2.0,7.0],[8.0,10.0],[11.0,15.0],[376.0,380.0],[381.0,381.0],[382.0,383.0],[385.0,385.0],[386.0,386.0],[387.0,387.0],[388.0,389.0],[464.0,465.0]],"penicillins":[[5.0,15.0],[127.0,128.0],[129.0,135.0],[376.0,380.0],[385.0,386.0],[450.0,450.0],[451.0,452.0],[464.0,469.0]],"macrolide_derivatives":[[128.0,128.0],[129.0,130.0],[131.0,132.0],[376.0,378.0],[462.0,462.0],[464.0,465.0]],"carbapenems":[[380.0,384.0]],"sulfonamides":[[382.0,384.0],[385.0,386.0],[388.0,388.0],[392.0,392.0],[394.0,394.0],[397.0,397.0]],"cephalosporins":[[386.0,390.0],[462.0,462.0],[463.0,463.0]]},"abx_order":["carbapenems","cephalosporins","glycopeptide_antibiotics","macrolide_derivatives","penicillins","quinolones","sulfonamides","aminoglycosides","aztreonam","glycylcyclines","leprostatics","lincomycin_derivatives","metronidazole","oxazolidinone_antibiotics","tetracyclines"],"observed":[],"day_range":[-5.0,-3.0]}