{"id":"1130","samples":[{"sample_id":"1130A","day":-7.0,"comp":[0.0694822,0.0,0.0,0.0,0.000651516,0.0,0.0,0.000766489,7.66489e-05,0.0,0.0,0.0,0.00195455,0.000191622,0.000459893,0.000153298,0.0,0.0454911,0.0,0.0,0.0,0.0,0.0,0.00149465,0.0,0.00463726,0.0,0.0,0.0,0.0,0.0,0.0,0.0,0.0,0.0,0.0,0.0090829,0.130648,0.0,0.0,0.0,0.0,0.0,0.0,0.0,0.000268271,0.00390909,0.0,0.0,0.000114973,0.0,0.000153298,0.0,0.0,0.0,0.0,0.175219,0.0,0.0050205,0.0,0.0,0.0,0.00130303,0.000996436,0.0,0.0,0.0,0.0,0.0,0.0,0.0,0.0,0.0,0.0,0.0,0.0,0.0,0.000114973,0.0,0.0,0.0,0.0,0.0,0.0,0.0,0.0,0.0,0.0442647,0.0,0.0,0.0,0.0,0.0,0.0,0.0,0.0,0.0,0.0,0.0,0.00034492,0.0,0.0,0.0,0.0,0.00068984,0.0,0.00693673,0.0,0.0,0.0,0.0,0.328671,7.66489e-05,0.00068984,0.0,0.0882229,0.0,0.0770705,0.0,0.0,0.0,0.0,0.0,0.000306596,0.000536542,0.0,0.0,0.0,0.0,0.0,0.0,0.0,0.0,0.0,0.0,0.0]},{"sample_id":"1130B","day":-4.0,"comp":[0.0227464,0.0,0.0,0.0,0.395746,0.0,0.0,0.0,0.0,0.0,0.0,0.0,0.00238697,0.00463353,0.0,0.0,0.0,0.110011,0.0,0.0,0.0,0.0,0.0,0.0,0.0,0.0,0.0,0.0,0.0,0.0,0.0,0.0,0.0,0.0,0.0,0.0,0.00203594,0.00217635,0.0,0.0,0.0,0.0,0.0,0.0,0.0,0.0,0.000210615,0.0,0.0,0.000491435,0.0,0.0384723,0.00056164,0.0,0.0,0.0,0.00056164,0.0042825,0.0563746,0.0,0.0,0.0,0.0288543,0.000772255,0.0,0.00898624,0.0,0.0,0.00161471,0.00070205,0.0,0.0,0.00210615,0.0,0.0,0.0,0.0,0.0420528,0.0,0.0,0.0,0.0,0.00056164,0.0,0.0,0.0,0.0,0.0,0.107765,0.0,0.0,0.0,0.0,0.0,0.0,0.0,0.0,0.0,0.0,0.0,0.00891603,0.0,0.0,0.0,0.0,0.0,0.110152,0.0,0.0,0.0,0.0,0.0103903,0.0,0.0341898,0.0,0.0014743,0.0,0.000772255,0.0,0.0,0.0,0.0,0.0,0.0,0.0,0.0,0.0,0.0,0.0,0.0,0.0,0.0,0.0,0.0,0.0,0.0]}],"schedule":{"penicillins":[[-882.0,-882.0],[-861.0,-861.0],[-853.0,-853.0],[-788.0,-783.0],[-744.0,-743.0],[-177.0,-177.0],[-176.0,-173.0],[-172.0,-171.0],[-170.0,-168.0],[-2.0,4.0]],"cephalosporins":[[-882.0,-881.0]],"sulfonamides":[[-828.0,-828.0]],"quinolones":[[-795.0,-788.0],[-743.0,-742.0],[-7.0,-3.0]],"metronidazole":[[-743.0,-742.0],[-177.0,-177.0]],"lincomycin_derivatives":[[-742.0,-741.0]],"glycopeptide_antibiotics":[[-177.0,-177.0],[-176.0,-176.0],[-7.0,-5.0],[-4.0,-2.0],[2.0,2.0],[5.0,5.0],[6.0,6.0]],"carbapenems":[[5.0,6.0]]},"abx_order":["carbapenems","cephalosporins","glycopeptide_antibiotics","lincomycin_derivatives","metronidazole","penicillins","quinolones","sulfonamides","aminoglycosides","aztreonam","glycylcyclines","leprostatics","macrolide_derivatives","oxazolidinone_antibiotics","tetracyclines"],"observed":[],"day_range":[-7.0,-4.0]}