{"id":"126","samples":[{"sample_id":"126A","day":34.0,"comp":[0.271318,0.0,0.0,0.0,0.0,0.0,0.0,0.0,0.0,0.0,0.0,0.0,0.0,0.0,0.0193798,0.0,0.0,0.0,0.0,0.0,0.0,0.0,0.0,0.0,0.0,0.0,0.0,0.0,0.0,0.0,0.0,0.0,0.0,0.0,0.0,0.0,0.125969,0.0,0.0,0.0,0.0,0.0,0.0,0.0,0.0,0.0,0.0,0.0,0.0,0.0,0.0,0.0,0.0,0.0,0.0,0.0,0.0,0.0,0.0,0.0,0.0,0.0,0.445736,0.0,0.0,0.0,0.0135659,0.0,0.0,0.0,0.0,0.0,0.0,0.0,0.0,0.0,0.0,0.0,0.124031,0.0,0.0,0.0,0.0,0.0,0.0,0.0,0.0,0.0,0.0,0.0,0.0,0.0,0.0,0.0,0.0,0.0,0.0,0.0,0.0,0.0,0.0,0.0,0.0,0.0,0.0,0.0,0.0,0.0,0.0,0.0,0.0,0.0,0.0,0.0,0.0,0.0,0.0,0.0,0.0,0.0,0.0,0.0,0.0,0.0,0.0,0.0,0.0,0.0,0.0,0.0,0.0,0.0,0.0,0.0,0.0,0.0]},{"sample_id":"126B","day":39.0,"comp":[0.0956938,0.0,0.0,0.0,0.0,0.0,0.0,0.0,0.0,0.0,0.0,0.0,0.0,0.0,0.0,0.0,0.0,0.0,0.0,0.0,0.0,0.0,0.0,0.00145621,0.0,0.0,0.0,0.0,0.0,0.0,0.0,0.0,0.0,0.0,0.0,0.0,0.137092,0.0,0.0,0.0,0.0,0.0,0.0,0.0,0.0,0.0,0.0,0.0,0.0,0.0,0.0,0.0,0.0,0.0,0.0,0.0,0.0,0.0,0.0,0.0,0.0,0.0,0.703349,0.0,0.0,0.0,0.0,0.0,0.0,0.0,0.0,0.0,0.0,0.0,0.0,0.0,0.0,0.0,0.00915332,0.0,0.0,0.0,0.0,0.0,0.0,0.0,0.0401498,0.0,0.0,0.0,0.0,0.0,0.0,0.0,0.0,0.0,0.0,0.0,0.0,0.0,0.0,0.0,0.0,0.0,0.0,0.0,0.00249636,0.0,0.0,0.0106095,0.0,0.0,0.0,0.0,0.0,0.0,0.0,0.0,0.0,0.0,0.0,0.0,0.0,0.0,0.0,0.0,0.0,0.0,0.0,0.0,0.0,0.0,0.0,0.0,0.0,0.0]}],"schedule":{"cephalosporins":[[-60.0,-60.0],[-59.0,-44.0],[138.0,160.0],[161.0,165.0],[194.0,194.0],[195.0,209.0],[221.0,221.0],[222.0,226.0],[229.0,229.0],[230.0,245.0],[266.0,269.0]],"aminoglycosides":[[-60.0,-60.0],[-59.0,-58.0],[138.0,155.0]],"glycopeptide_antibiotics":[[-60.0,-44.0],[-6.0,19.0],[54.0,61.0],[83.0,119.0],[134.0,136.0],[194.0,194.0],[195.0,196.0],[197.0,199.0]],"macrolide_derivatives":[[-44.0,-35.0],[194.0,194.0],[195.0,199.0],[201.0,201.0]],"sulfonamides":[[-10.0,-3.0]],"oxazolidinone_antibiotics":[[1.0,3.0],[136.0,162.0],[164.0,165.0],[199.0,200.0],[201.0,209.0],[221.0,221.0],[222.0,226.0],[229.0,229.0],[230.0,245.0],[266.0,268.0]],"aztreonam":[[1.0,14.0],[83.0,87.0],[96.0,138.0]],"quinolones":[[54.0,55.0],[83.0,96.0],[165.0,167.0],[169.0,174.0]],"lincomycin_derivatives":[[113.0,137.0],[145.0,146.0]]},"abx_order":["aminoglycosides","aztreonam","cephalosporins","glycopeptide_antibiotics","lincomycin_derivatives","macrolide_derivatives","oxazolidinone_antibiotics","quinolones","sulfonamides","carbapenems","glycylcyclines","leprostatics","metronidazole","penicillins","tetracyclines"],"observed":[],"day_range":[34.0,39.0]}