{"id":"128","samples":[{"sample_id":"128A","day":5.0,"comp":[0.0,0.0,0.0,0.0,0.0,0.0,0.0,0.0,0.0,0.0,0.0,0.0,0.0,0.0,0.976269,0.0,0.0,0.0,0.0,0.0,0.0,0.0,0.0,0.0,0.0,0.0,0.0,0.0,0.0,0.0,0.0,0.0,0.0,0.0,0.0,0.0,0.0,0.0,0.0,0.0237307,0.0,0.0,0.0,0.0,0.0,0.0,0.0,0.0,0.0,0.0,0.0,0.0,0.0,0.0,0.0,0.0,0.0,0.0,0.0,0.0,0.0,0.0,0.0,0.0,0.0,0.0,0.0,0.0,0.0,0.0,0.0,0.0,0.0,0.0,0.0,0.0,0.0,0.0,0.0,0.0,0.0,0.0,0.0,0.0,0.0,0.0,0.0,0.0,0.0,0.0,0.0,0.0,0.0,0.0,0.0,0.0,0.0,0.0,0.0,0.0,0.0,0.0,0.0,0.0,0.0,0.0,0.0,0.0,0.0,0.0,0.0,0.0,0.0,0.0,0.0,0.0,0.0,0.0,0.0,0.0,0.0,0.0,0.0,0.0,0.0,0.0,0.0,0.0,0.0,0.0,0.0,0.0,0.0,0.0,0.0,0.0]},{"sample_id":"128C","day":26.0,"comp":[0.0390545,0.0,0.0,0.0,0.0,0.0,0.0,0.0,0.0,0.0,0.0,0.0,0.0,0.0,0.0,0.0,0.0,0.0174717,0.0,0.0,0.0,0.0,0.0,0.0,0.0,0.0,0.0,0.0,0.0,0.0,0.0,0.0,0.0,0.0,0.0,0.0,0.0133607,0.0102775,0.0,0.791367,0.0,0.0,0.00513875,0.0,0.0,0.0,0.0,0.0,0.0,0.0,0.0,0.0,0.0,0.0,0.0,0.0,0.0,0.0,0.0,0.0,0.0,0.0,0.0,0.0,0.0,0.0,0.0,0.0,0.0,0.0,0.0,0.0,0.0,0.0,0.0,0.0,0.0,0.0,0.0,0.0,0.0,0.0739979,0.0,0.0,0.0,0.0,0.0,0.0,0.0,0.0,0.0,0.0,0.0,0.0,0.0,0.0,0.0,0.0,0.0,0.00513875,0.0,0.0,0.0,0.0,0.0236382,0.0,0.0,0.0,0.0,0.0,0.0,0.0,0.0,0.0,0.0,0.020555,0.0,0.0,0.0,0.0,0.0,0.0,0.0,0.0,0.0,0.0,0.0,0.0,0.0,0.0,0.0,0.0,0.0,0.0,0.0,0.0]},{"sample_id":"128D","day":101.0,"comp":[0.346567,0.0158804,0.0,0.0,0.0765997,0.0,0.0,0.0168146,0.0,0.0,0.0,0.0,0.0,0.0,0.00934143,0.0,0.0,0.0,0.0,0.0,0.0,0.0,0.0,0.0,0.0,0.0,0.0,0.0,0.0,0.0,0.0,0.0,0.0,0.0,0.0,0.0,0.0,0.0,0.0,0.0,0.0,0.0102756,0.0,0.0,0.0,0.0,0.0,0.0,0.0,0.0,0.0,0.0,0.0,0.0,0.0,0.0,0.0,0.0,0.0,0.0,0.0,0.0,0.0,0.0,0.0,0.0,0.0,0.0,0.0,0.00140121,0.0,0.0,0.0,0.0,0.0,0.0,0.0,0.0,0.0,0.0,0.0,0.0,0.0,0.0,0.0,0.0,0.0,0.0,0.0,0.0,0.0,0.0,0.0,0.0,0.0,0.0,0.0,0.0,0.0,0.0,0.0,0.0,0.0,0.0,0.0621205,0.0,0.453526,0.0,0.0,0.0,0.0,0.0,0.0,0.0,0.0,0.00747314,0.0,0.0,0.0,0.0,0.0,0.0,0.0,0.0,0.0,0.0,0.0,0.0,0.0,0.0,0.0,0.0,0.0,0.0,0.0,0.0]}],"schedule":{"sulfonamides":[[-607.0,-607.0],[-595.0,-595.0],[-593.0,-593.0],[-590.0,-590.0],[-588.0,-588.0],[-586.0,-586.0],[-530.0,-530.0],[-525.0,-525.0],[-523.0,-523.0],[-520.0,-520.0],[-518.0,-518.0],[-429.0,-427.0],[-91.0,-91.0],[-89.0,-89.0],[-78.0,-78.0],[-76.0,-76.0],[-9.0,-3.0],[228.0,228.0]],"quinolones":[[-595.0,-594.0],[-429.0,-418.0],[17.0,23.0],[24.0,24.0]],"cephalosporins":[[-594.0,-592.0],[-531.0,-531.0],[-530.0,-530.0],[-529.0,-519.0],[-418.0,-415.0],[210.0,210.0],[211.0,227.0]],"macrolide_derivatives":[[-531.0,-531.0],[-530.0,-526.0],[211.0,211.0],[212.0,213.0],[214.0,228.0]],"glycopeptide_antibiotics":[[-530.0,-518.0],[-412.0,-412.0],[-411.0,-410.0],[-409.0,-409.0],[-408.0,-408.0],[-404.0,-404.0],[-402.0,-402.0],[-400.0,-400.0],[-79.0,-79.0],[-78.0,-76.0],[-1.0,6.0],[9.0,14.0],[96.0,96.0],[97.0,97.0],[178.0,181.0],[184.0,186.0],[210.0,210.0],[211.0,213.0],[217.0,217.0],[219.0,219.0],[220.0,220.0],[221.0,221.0],[223.0,223.0],[224.0,224.0],[226.0,226.0],[228.0,228.0]],"penicillins":[[-79.0,-76.0],[-3.0,7.0],[96.0,96.0],[97.0,100.0],[178.0,181.0],[184.0,187.0]],"oxazolidinone_antibiotics":[[-76.0,-75.0],[-2.0,-1.0],[6.0,11.0],[14.0,18.0],[97.0,97.0],[100.0,105.0]],"carbapenems":[[7.0,17.0],[227.0,227.0]],"metronidazole":[[98.0,105.0],[227.0,227.0]],"leprostatics":[[105.0,105.0]]},"abx_order":["carbapenems","cephalosporins","glycopeptide_antibiotics","leprostatics","macrolide_derivatives","metronidazole","oxazolidinone_antibiotics","penicillins","quinolones","sulfonamides","aminoglycosides","aztreonam","glycylcyclines","lincomycin_derivatives","tetracyclines"],"observed":[],"day_range":[5.0,101.0]}