{"id":"245","samples":[{"sample_id":"245A","day":-10.0,"comp":[0.241589,0.0,0.0,0.0,0.00195919,0.0,0.0,0.0,0.00135117,0.0,0.000270234,0.0,0.149169,0.0,0.00385083,0.00722875,0.0,0.172139,0.0,0.0,0.0,0.0,0.0,0.0,0.00270234,0.0,0.0251317,0.0,0.0,0.0,0.0,0.0,0.0,0.0167545,0.0,0.0,0.00087826,0.0511417,0.0,0.0,0.0,0.0,0.0,0.0202,0.000743143,0.0,0.00283745,0.0,0.0556682,0.0,0.0,0.00108094,0.0,0.0,0.0,0.0,0.00749899,0.0,0.0143899,0.00141873,0.00263478,0.00148629,0.00979597,0.000405351,0.0,0.0,0.000270234,0.0,0.0,0.0,0.0158087,0.0,0.0,0.00621538,0.0,0.0,0.0,0.000675584,0.0,0.0,0.0,0.0,0.0,0.0,0.0,0.000743143,0.0,0.0,0.0,0.0,0.0024321,0.0,0.0,0.0,0.0,0.000472909,0.000945818,0.0,0.0225645,0.0592488,0.0,0.0,0.0,0.000945818,0.0,0.0,0.0164843,0.00783678,0.0,0.0,0.0,0.0,0.00256722,0.0,0.000810701,0.00324281,0.0,0.0202,0.0,0.00621538,0.0,0.00141873,0.0,0.0177679,0.020808,0.0,0.0,0.0,0.0,0.0,0.0,0.0,0.0,0.0,0.0,0.0]},{"sample_id":"245B","day":-2.0,"comp":[0.156067,0.0,0.0,0.0,0.0150628,0.0,0.0,0.00083682,0.00502092,0.0,0.0,0.0,0.0,0.0,0.0,0.0,0.0,0.0506276,0.0,0.0,0.0,0.0,0.0,0.0,0.0,0.0,0.0,0.0,0.0,0.0,0.0,0.0,0.00167364,0.0,0.0,0.0,0.0,0.180753,0.0,0.104603,0.0,0.0,0.0,0.0313808,0.0,0.0,0.0,0.0,0.0,0.0175732,0.0,0.00167364,0.0,0.0,0.0,0.0,0.0,0.0,0.0112971,0.0,0.0,0.0,0.0,0.0,0.0,0.0,0.0,0.0,0.0,0.00167364,0.0,0.0,0.0,0.0,0.0,0.0,0.0,0.0,0.0,0.0,0.0,0.0,0.0,0.0,0.0,0.0,0.0,0.0,0.0,0.0,0.0,0.0,0.0,0.0,0.0,0.0,0.0,0.0,0.0,0.0,0.0,0.00292887,0.0,0.0,0.0,0.0,0.00543933,0.0,0.0,0.0,0.0,0.0,0.0359833,0.0,0.0,0.377406,0.0,0.0,0.0,0.0,0.0,0.0,0.0,0.0,0.0,0.0,0.0,0.0,0.0,0.0,0.0,0.0,0.0,0.0,0.0,0.0]},{"sample_id":"245C","day":5.0,"comp":[0.148114,0.0,0.0,0.0,0.00249454,0.0,0.0,0.0,0.000779545,0.0,0.0,0.0,0.000623636,0.000857499,0.0444341,0.0,0.0,0.0999376,0.00444341,0.0,0.0,0.0,0.0,0.0,0.00288432,0.0,0.0,0.0,0.0,0.0,0.0,0.0,0.00194886,0.0,0.0,0.0,0.000467727,0.126052,0.0,0.0,0.0,0.0,0.0,0.0,0.0,0.0,0.0219052,0.0,0.0,0.00304022,0.0,0.00179295,0.0,0.0,0.0,0.0,0.0,0.0,0.255457,0.0,0.00304022,0.0148893,0.0,0.0,0.0,0.0,0.0,0.0,0.0,0.0,0.0,0.0,0.0,0.00101341,0.0,0.0,0.0,0.0,0.0,0.0,0.0,0.0,0.000155909,0.0,0.0,0.0,0.0,0.0,0.0,0.00670408,0.0,0.00109136,0.0,0.0,0.0,0.0,0.0,0.0,0.0,0.0,0.0,0.0,0.0,0.0,0.0,0.0,0.00343,0.0,0.0,0.0,0.0,0.0,0.00179295,0.000311818,0.0,0.252339,0.0,0.0,0.0,0.0,0.0,0.0,0.0,0.0,0.0,0.0,0.0,0.0,0.0,0.0,0.0,0.0,0.0,0.0,0.0,0.0]}],"schedule":{"metronidazole":[[-1251.0,-1251.0],[-1222.0,-1219.0]],"penicillins":[[-1251.0,-1251.0],[7.0,12.0],[92.0,102.0],[145.0,147.0],[203.0,203.0],[204.0,205.0],[211.0,211.0],[212.0,216.0],[310.0,310.0]],"sulfonamides":[[-1233.0,-1231.0],[-660.0,-660.0],[-456.0,-452.0],[216.0,216.0],[217.0,219.0]],"quinolones":[[-1233.0,-1225.0],[-1224.0,-1224.0],[-663.0,-663.0],[-662.0,-660.0],[-456.0,-448.0],[-447.0,-443.0],[-442.0,-438.0],[-2.0,6.0],[88.0,88.0],[205.0,206.0],[216.0,216.0],[217.0,217.0]],"cephalosporins":[[-1224.0,-1214.0],[92.0,92.0],[217.0,217.0],[218.0,219.0]],"macrolide_derivatives":[[-215.0,-215.0],[7.0,7.0],[218.0,218.0],[219.0,219.0]],"glycopeptide_antibiotics":[[-8.0,12.0],[92.0,98.0],[99.0,102.0],[146.0,147.0],[204.0,205.0],[211.0,211.0],[212.0,216.0],[217.0,219.0],[310.0,310.0]],"lincomycin_derivatives":[[94.0,96.0]],"carbapenems":[[217.0,217.0]],"oxazolidinone_antibiotics":[[217.0,217.0]]},"abx_order":["carbapenems","cephalosporins","glycopeptide_antibiotics","lincomycin_derivatives","macrolide_derivatives","metronidazole","oxazolidinone_antibiotics","penicillins","quinolones","sulfonamides","aminoglycosides","aztreonam","glycylcyclines","leprostatics","tetracyclines"],"observed":[],"day_range":[-10.0,5.0]}