{"id":"260","samples":[{"sample_id":"260A","day":0.0,"comp":[0.0581361,0.0,0.0,0.0,0.0919988,0.0,0.0,0.0,0.0,0.00704225,0.0,0.0,0.00224753,0.00164819,0.000599341,0.00164819,0.0,0.00329637,0.0,0.0,0.0,0.0,0.0,0.0,0.0,0.000449506,0.0,0.000749176,0.0,0.00359604,0.0,0.0,0.0,0.0,0.000899011,0.0,0.00449506,0.0,0.0,0.00134852,0.0,0.0,0.0,0.000749176,0.0,0.0,0.0,0.0,0.0,0.0,0.00644291,0.00644291,0.0,0.0,0.0209769,0.0,0.0,0.0,0.0,0.0,0.0,0.0,0.0289182,0.0,0.0,0.0,0.00119868,0.0,0.0025472,0.00419539,0.0,0.0,0.0,0.0,0.0,0.0,0.0,0.00779143,0.0,0.0,0.0,0.026371,0.0,0.0,0.0,0.00434522,0.00464489,0.0,0.0025472,0.0,0.0,0.0,0.0,0.0,0.0,0.0,0.0,0.0,0.0,0.0,0.0,0.0,0.0,0.0,0.00134852,0.0,0.58166,0.0,0.0,0.0,0.0,0.0,0.0,0.0128858,0.0,0.105184,0.0,0.0,0.0,0.00329637,0.00029967,0.0,0.0,0.0,0.0,0.0,0.0,0.0,0.0,0.0,0.0,0.0,0.0,0.0,0.0,0.0]},{"sample_id":"260B","day":5.0,"comp":[0.0453737,0.0,0.0,0.0,0.190125,0.0,0.0,0.0,0.0,0.0140569,0.0,0.0,0.0,0.0103203,0.0,0.00115658,0.0,0.00088968,0.0,0.0,0.0,0.0,0.0,0.0,0.0,0.141103,0.0,0.000355872,0.0,0.00133452,0.0,0.0,0.0,0.0,0.0,0.0,0.00462633,0.000978648,0.000622776,0.000711744,0.0,0.0,0.0,0.0,0.0,0.0,0.0,0.0,0.0,0.000266904,0.0,0.0109431,0.000355872,0.0,0.0,0.0,0.0,0.0,0.0,0.0,0.0,0.0,0.011032,0.00240214,0.0,0.0,0.000711744,0.0,0.0158363,0.00818505,0.0,0.0,0.0,0.0,0.000978648,0.0,0.0,0.00329181,0.00142349,0.0,0.0,0.00186833,0.0,0.0,0.0,0.000978648,0.0024911,0.0,0.00231317,0.0,0.0,0.00151246,0.0,0.0,0.0,0.0,0.0,0.0,0.0,0.0,0.00311388,0.0,0.0,0.0,0.00151246,0.0,0.495463,0.0,0.0,0.0,0.0,0.0,0.0,0.0179715,0.0,0.00293594,0.0,0.0,0.0,0.00142349,0.00133452,0.0,0.0,0.0,0.0,0.0,0.0,0.0,0.0,0.0,0.0,0.0,0.0,0.0,0.0,0.0]}],"schedule":{"glycopeptide_antibiotics":[[-7.0,7.0],[9.0,12.0],[203.0,233.0],[245.0,248.0],[249.0,249.0]],"quinolones":[[-2.0,8.0],[236.0,239.0],[245.0,247.0]],"penicillins":[[8.0,13.0],[203.0,217.0],[239.0,242.0],[248.0,249.0]],"aminoglycosides":[[203.0,205.0]],"metronidazole":[[204.0,213.0],[235.0,245.0]],"cephalosporins":[[217.0,233.0]],"oxazolidinone_antibiotics":[[218.0,233.0],[236.0,244.0]],"carbapenems":[[242.0,245.0],[249.0,250.0]]},"abx_order":["aminoglycosides","carbapenems","cephalosporins","glycopeptide_antibiotics","metronidazole","oxazolidinone_antibiotics","penicillins","quinolones","aztreonam","glycylcyclines","leprostatics","lincomycin_derivatives","macrolide_derivatives","sulfonamides","tetracyclines"],"observed":[],"day_range":[0.0,5.0]}