{"id":"290","samples":[{"sample_id":"290A","day":-8.0,"comp":[0.459688,0.0,0.0,0.0,0.00251953,0.0,0.0,0.0,0.0,0.0,0.0,0.0,0.00566893,0.0,0.0,0.0,0.0,0.117662,0.00289746,0.0,0.0,0.0,0.0,0.00113379,0.0,0.0,0.00403124,0.0,0.0,0.0,0.0,0.0,0.0,0.00365331,0.0,0.0,0.00541698,0.0410683,0.0,0.0,0.0,0.0,0.0186445,0.0246914,0.0,0.0,0.0,0.0,0.0,0.0,0.0,0.0,0.0241875,0.0,0.0,0.0,0.0,0.0,0.0118418,0.0,0.0,0.0,0.0,0.0,0.0,0.0,0.0,0.0,0.0,0.0,0.0,0.0,0.0,0.0,0.0,0.0,0.0,0.0,0.0,0.0,0.0,0.0,0.0,0.0,0.0,0.0,0.0331318,0.0,0.0,0.0,0.0,0.0,0.0,0.0,0.0,0.0,0.0,0.0,0.0,0.0,0.0,0.00541698,0.0,0.0,0.0,0.0,0.164525,0.0,0.0,0.0,0.0,0.0,0.00277148,0.0,0.0,0.0311162,0.0,0.0,0.0,0.0,0.0,0.0,0.0,0.0187705,0.021164,0.0,0.0,0.0,0.0,0.0,0.0,0.0,0.0,0.0,0.0,0.0]},{"sample_id":"290B","day":-3.0,"comp":[0.0315714,0.0318106,0.0,0.0,0.0202105,0.0,0.0,0.000478354,0.00155465,0.0,0.0,0.0,0.000597943,0.00131547,0.00490313,0.00083712,0.0,0.0175795,0.0,0.0,0.000597943,0.0,0.0,0.0,0.00227218,0.0,0.0,0.0,0.00406601,0.0,0.0,0.0,0.0,0.0,0.0,0.0,0.0125568,0.0144702,0.0,0.00167424,0.00813203,0.00406601,0.0,0.000478354,0.0,0.000717532,0.0,0.0,0.0,0.0,0.0,0.0,0.0,0.0,0.0,0.0,0.0,0.0,0.00083712,0.0,0.0,0.0,0.00119589,0.00669696,0.0,0.0,0.000717532,0.0,0.0,0.000956709,0.0,0.0,0.00119589,0.000478354,0.0,0.0,0.0,0.00394642,0.0,0.0,0.0,0.0,0.0,0.0,0.0,0.0,0.0,0.0,0.000956709,0.0,0.00167424,0.0,0.0,0.0,0.0,0.0,0.0,0.0,0.0,0.0,0.0031093,0.0,0.0,0.0,0.0,0.0,0.77039,0.000956709,0.0,0.0,0.0,0.00322889,0.0,0.00322889,0.0,0.0264291,0.0,0.000597943,0.0,0.0,0.000478354,0.0,0.0,0.00322889,0.00980627,0.0,0.0,0.0,0.0,0.0,0.0,0.0,0.0,0.0,0.0,0.0]},{"sample_id":"290E","day":19.0,"comp":[0.0,0.0,0.0,0.0,0.0,0.0,0.0,0.0,0.0,0.0,0.0,0.0,0.0,0.0,0.0,0.0,0.0,0.0,0.0,0.0,0.0,0.0,0.0,0.0,0.0,0.0,0.0,0.0,0.0,0.0,0.0,0.0,0.0,0.0,0.0,0.0,0.0,0.0,0.0,0.0,0.0,0.0,0.0,0.0,0.0,0.0,0.0,0.0,0.0,0.0,0.0,0.0,0.0,0.0,0.0,0.0,0.0,0.0,0.0,0.0,0.0,0.0,0.0,0.0,0.0,0.0,0.0,0.0,0.0,0.0,0.0,0.0,0.0,0.0,0.0,0.0,0.0,0.0,0.0,0.0,0.0,0.0,0.0,0.0,0.0,0.0,0.0,0.0,0.0,0.0,0.0,0.0,0.0,0.0,0.0,0.0,0.0,0.0,0.0,0.0,0.0,0.0,0.0,0.0,0.00326619,0.0,0.035656,0.0,0.0,0.0,0.0,0.0,0.0,0.0,0.0,0.961078,0.0,0.0,0.0,0.0,0.0,0.0,0.0,0.0,0.0,0.0,0.0,0.0,0.0,0.0,0.0,0.0,0.0,0.0,0.0,0.0]}],"schedule":{"penicillins":[[-280.0,-280.0],[-279.0,-273.0],[-248.0,-248.0],[-247.0,-242.0],[-5.0,0.0],[152.0,162.0],[167.0,170.0]],"cephalosporins":[[-272.0,-272.0],[0.0,9.0],[26.0,26.0],[27.0,32.0],[58.0,58.0],[59.0,60.0],[133.0,134.0],[190.0,195.0]],"macrolide_derivatives":[[-248.0,-248.0],[-247.0,-247.0],[58.0,58.0],[59.0,61.0],[133.0,133.0],[134.0,138.0]],"glycopeptide_antibiotics":[[-247.0,-242.0],[-5.0,0.0],[2.0,2.0],[4.0,4.0],[5.0,9.0],[26.0,26.0],[27.0,28.0],[133.0,133.0],[134.0,135.0],[137.0,137.0],[167.0,170.0],[188.0,188.0],[189.0,190.0],[191.0,195.0]],"quinolones":[[-177.0,-163.0],[11.0,11.0],[13.0,13.0],[15.0,15.0],[17.0,17.0],[18.0,21.0],[133.0,133.0],[146.0,146.0],[147.0,151.0],[170.0,176.0],[188.0,188.0],[189.0,190.0]],"sulfonamides":[[27.0,27.0]],"leprostatics":[[28.0,32.0]],"aztreonam":[[133.0,133.0],[151.0,152.0]],"carbapenems":[[134.0,137.0],[138.0,139.0],[140.0,145.0],[196.0,197.0]],"oxazolidinone_antibiotics":[[190.0,191.0],[196.0,211.0]]},"abx_order":["aztreonam","carbapenems","cephalosporins","glycopeptide_antibiotics","leprostatics","macrolide_derivatives","oxazolidinone_antibiotics","penicillins","quinolones","sulfonamides","aminoglycosides","glycylcyclines","lincomycin_derivatives","metronidazole","tetracyclines"],"observed":[],"day_range":[-8.0,19.0]}