{"id":"405","samples":[{"sample_id":"405B","day":-2.0,"comp":[0.0632392,0.0,0.0,0.0,0.0209746,0.0,0.0,0.000236556,0.0,0.0,0.0,0.0,0.000867371,0.0,0.0,0.00039426,0.0,0.0178205,0.0,0.0,0.0,0.0,0.0,0.0,0.0,0.0,0.0,0.0,0.0,0.0,0.0,0.0,0.0,0.0,0.0,0.0,0.870604,0.00457341,0.0,0.0,0.0,0.0,0.0,0.000551963,0.0,0.0,0.00039426,0.0,0.0,0.0,0.0,0.000630815,0.0,0.0,0.0,0.0,0.0,0.0,0.00701782,0.0,0.0,0.0,0.0,0.0,0.0,0.0,0.0,0.0,0.0,0.000473111,0.0,0.0,0.0,0.0,0.0,0.0,0.0,0.0,0.0,0.0,0.0,0.0,0.0,0.0,0.0,0.000551963,0.0,0.0,0.0,0.0,0.0,0.0,0.0,0.0,0.0,0.0,0.0,0.0,0.0,0.0,0.0,0.0,0.0,0.0,0.000551963,0.0,0.00307522,0.0,0.0,0.0,0.0,0.0,0.0,0.000236556,0.0,0.0062293,0.0,0.0,0.0,0.0,0.0,0.0,0.0,0.0,0.00157704,0.0,0.0,0.0,0.0,0.0,0.0,0.0,0.0,0.0,0.0,0.0]},{"sample_id":"405E","day":20.0,"comp":[0.00172538,0.0,0.0,0.0,0.0,0.0,0.0,0.0,0.0,0.0,0.0,0.0,0.0,0.0,0.00503235,0.0,0.0,0.0,0.0,0.0,0.0,0.0,0.0,0.0,0.0,0.0,0.0,0.0,0.0,0.0,0.0,0.0,0.0,0.0,0.0,0.0,0.988641,0.0,0.0,0.0,0.0,0.0,0.0,0.0,0.0,0.0,0.0,0.0,0.0,0.0,0.0,0.0,0.0,0.0,0.0,0.0,0.0,0.0,0.0,0.0,0.0,0.0,0.0,0.0,0.0,0.0,0.0,0.0,0.0,0.0,0.0,0.0,0.0,0.0,0.0,0.0,0.0,0.0,0.0,0.0,0.0,0.0,0.0,0.0,0.0,0.0,0.0,0.0,0.0,0.0,0.0,0.0,0.0,0.0,0.0,0.0,0.0,0.0,0.0,0.0,0.0,0.0,0.0,0.0,0.0023005,0.0,0.00172538,0.0,0.0,0.0,0.0,0.0,0.0,0.0,0.0,0.000575126,0.0,0.0,0.0,0.0,0.0,0.0,0.0,0.0,0.0,0.0,0.0,0.0,0.0,0.0,0.0,0.0,0.0,0.0,0.0,0.0]}],"schedule":{"cephalosporins":[[-188.0,-187.0],[318.0,320.0]],"penicillins":[[-182.0,-175.0],[-171.0,-168.0],[-118.0,-106.0],[-4.0,10.0],[323.0,325.0],[328.0,328.0],[371.0,374.0],[437.0,451.0]],"glycopeptide_antibiotics":[[-169.0,-161.0],[-111.0,-110.0],[-109.0,-105.0],[-104.0,-95.0],[-4.0,10.0],[12.0,18.0],[317.0,317.0],[318.0,320.0],[323.0,328.0],[331.0,337.0],[338.0,338.0],[353.0,356.0],[371.0,371.0],[378.0,392.0],[437.0,443.0]],"metronidazole":[[-169.0,-168.0],[-167.0,-164.0],[318.0,319.0],[329.0,339.0],[349.0,357.0]],"carbapenems":[[-168.0,-159.0],[-106.0,-81.0],[-80.0,-58.0],[10.0,18.0],[325.0,325.0],[326.0,328.0],[374.0,393.0]],"aminoglycosides":[[-166.0,-165.0],[-108.0,-106.0]],"quinolones":[[-104.0,-98.0],[-96.0,-81.0],[-80.0,-72.0],[-71.0,-62.0],[18.0,21.0],[22.0,22.0],[23.0,24.0],[329.0,329.0],[330.0,330.0],[332.0,332.0],[356.0,357.0]],"sulfonamides":[[-103.0,-98.0],[313.0,313.0]],"oxazolidinone_antibiotics":[[-95.0,-73.0],[-71.0,-61.0],[10.0,12.0],[371.0,378.0]],"macrolide_derivatives":[[-9.0,-2.0],[1.0,2.0],[4.0,9.0],[11.0,11.0],[13.0,14.0],[437.0,437.0],[438.0,438.0]],"aztreonam":[[332.0,338.0]]},"abx_order":["aminoglycosides","aztreonam","carbapenems","cephalosporins","glycopeptide_antibiotics","macrolide_derivatives","metronidazole","oxazolidinone_antibiotics","penicillins","quinolones","sulfonamides","glycylcyclines","leprostatics","lincomycin_derivatives","tetracyclines"],"observed":[],"day_range":[-2.0,20.0]}