{"id":"437","samples":[{"sample_id":"437A","day":-6.0,"comp":[0.201436,0.0,0.0,0.00498604,0.0,0.0,0.0,0.0,0.0,0.0,0.0,0.0,0.0071799,0.0,0.00538492,0.154368,0.0,0.114081,0.0,0.0,0.00199442,0.0147587,0.0,0.0773833,0.00777822,0.0141604,0.0,0.0,0.0,0.0,0.0,0.0,0.0,0.0,0.0,0.00877543,0.0,0.00418827,0.0121659,0.000598325,0.0,0.0,0.0165536,0.00299162,0.00598325,0.0,0.0,0.0,0.0,0.0,0.0,0.0,0.0,0.0526526,0.0,0.0,0.0295174,0.0,0.0,0.0,0.0,0.0,0.0,0.0,0.0,0.0,0.0,0.0,0.0,0.0,0.00179497,0.0,0.0,0.00179497,0.0,0.0,0.0,0.0,0.0,0.0,0.0,0.0,0.0,0.0,0.0,0.0,0.0,0.00319107,0.0,0.0,0.00498604,0.00438771,0.00259274,0.0179497,0.0,0.0095732,0.0023933,0.000398883,0.0139609,0.0911448,0.0,0.0175509,0.0,0.00159553,0.0,0.0,0.000997208,0.030714,0.0233347,0.0,0.0,0.0,0.00159553,0.0,0.0,0.0,0.0,0.00618269,0.0,0.0179497,0.0,0.0,0.0,0.0023933,0.00658157,0.0,0.0,0.0,0.0,0.0,0.0,0.0,0.0,0.0,0.0,0.0]},{"sample_id":"437B","day":-1.0,"comp":[0.162318,0.0,0.0,0.0,0.00338578,0.0,0.0,0.0,0.00358494,0.0,0.0,0.0,0.0,0.0,0.0,0.00378411,0.00238996,0.108544,0.0,0.0237005,0.0,0.0,0.0,0.0,0.00139414,0.0,0.0,0.00119498,0.0,0.000796654,0.0,0.0,0.0,0.0,0.0,0.0,0.00199164,0.0107548,0.0,0.0934077,0.0,0.0,0.00238996,0.0711014,0.000796654,0.0,0.0,0.0,0.0,0.0,0.0,0.0021908,0.0,0.00258913,0.136029,0.0,0.0,0.0,0.00637323,0.0,0.0,0.0,0.00856403,0.0,0.0,0.0,0.0,0.0,0.0,0.0,0.0,0.0,0.0,0.0,0.0,0.0,0.00358494,0.000796654,0.0,0.0,0.0,0.00119498,0.0,0.0,0.0,0.0,0.0,0.0,0.0021908,0.0,0.0,0.0,0.0,0.00159331,0.0,0.0,0.0,0.0,0.0,0.0,0.0,0.00258913,0.0,0.0,0.0,0.0,0.222266,0.0,0.0,0.0,0.00338578,0.0,0.0487951,0.0,0.0,0.0663214,0.0,0.0,0.0,0.0,0.0,0.0,0.0,0.0,0.0,0.0,0.0,0.0,0.0,0.0,0.0,0.0,0.0,0.0,0.0,0.0]}],"schedule":{"cephalosporins":[[-65.0,-65.0],[9.0,19.0],[569.0,569.0]],"metronidazole":[[-65.0,-64.0],[635.0,639.0]],"penicillins":[[-61.0,-57.0],[1.0,9.0],[569.0,570.0]],"glycopeptide_antibiotics":[[-8.0,5.0],[7.0,18.0]],"macrolide_derivatives":[[1516.0,1516.0]]},"abx_order":["cephalosporins","glycopeptide_antibiotics","macrolide_derivatives","metronidazole","penicillins","aminoglycosides","aztreonam","carbapenems","glycylcyclines","leprostatics","lincomycin_derivatives","oxazolidinone_antibiotics","quinolones","sulfonamides","tetracyclines"],"observed":[],"day_range":[-6.0,-1.0]}