{"id":"439","samples":[{"sample_id":"439A","day":-8.0,"comp":[0.00372598,0.0,0.0,0.0,0.0117635,0.0,0.0,0.0,0.0,0.0,0.0,0.0,0.0,0.000106457,0.0,0.0,0.0,0.0,0.00101134,0.0,0.0,0.0,0.0,0.000266141,0.0,0.0,0.0,0.0,0.0,0.0,0.0,0.0,0.0,0.0,0.0,0.0,0.509022,0.0,0.0,0.0,0.0,0.0,0.0,0.0,0.0,0.0,0.0,0.0,0.0,0.0,0.0,0.0,0.0,0.0,0.0,0.0,0.0,0.0,0.150317,0.0,0.0,0.0,0.0,0.0,0.0210252,0.0,0.0,0.0,0.0,0.0,0.0,0.0,0.0,0.0,0.0,0.0,0.0,0.0,0.0,0.0,0.0,0.0,0.0,0.0,0.0,0.0,0.0,0.0,0.000479055,0.0,0.000691968,0.0,0.0,0.0,0.0,0.0,0.00202268,0.0,0.0,0.0,0.0,0.0,0.0,0.0,0.0,0.0,0.00239527,0.0,0.152872,0.0,0.0,0.0,0.0,0.000212913,0.0,0.00138394,0.0,0.0,0.0,0.0,0.0,0.0,0.0,0.142705,0.0,0.0,0.0,0.0,0.0,0.0,0.0,0.0,0.0,0.0,0.0,0.0]},{"sample_id":"439B","day":-2.0,"comp":[0.0170245,0.0,0.0,0.0,0.0025998,0.0,0.0,0.0,0.0,0.0,0.0,0.0,0.0,0.000251593,0.0,0.0,0.0,0.0,0.0,0.0,0.0,0.0,0.0,0.00109024,0.0,0.0,0.0,0.0,0.0,0.0,0.0,0.0,0.0,0.0,0.0,0.0,0.511154,0.0,0.0,0.0,0.0,0.0,0.0,0.000167729,0.0,0.0,0.0,0.0,0.0,0.0,0.0,0.0,0.0,0.0,0.0,0.0,0.0,0.0,0.120597,0.0,0.0,0.0,0.0,0.00251593,0.00972828,0.0,0.0,0.0,0.0,0.0,0.0,0.0,0.0,0.0,0.0,0.0,0.0,0.0,0.0,0.0,0.0,0.0,0.0,0.0,0.0,0.0,0.0,0.0,0.0,0.0,0.00285139,0.0,0.0,0.0,0.0,0.0,0.0,0.0,0.0,0.0,0.0,0.0,0.0,0.0,0.0,0.0,0.0262496,0.0,0.301157,0.0,0.0,0.0,0.0,0.0,0.0,0.00410936,0.0,0.0,0.0,0.0,0.0,0.0,0.0,0.000503187,0.0,0.0,0.0,0.0,0.0,0.0,0.0,0.0,0.0,0.0,0.0,0.0]}],"schedule":{"quinolones":[[-104.0,-103.0],[-78.0,-45.0]],"glycopeptide_antibiotics":[[-91.0,-90.0],[-89.0,-89.0],[-81.0,-78.0],[-76.0,-58.0],[-57.0,-53.0],[-2.0,20.0],[23.0,25.0]],"penicillins":[[-91.0,-85.0],[17.0,19.0],[23.0,28.0]],"aminoglycosides":[[-85.0,-85.0],[-44.0,-41.0],[-40.0,-40.0],[-39.0,-36.0],[-35.0,-35.0],[-34.0,-33.0],[11.0,13.0]],"carbapenems":[[-85.0,-78.0]],"oxazolidinone_antibiotics":[[-78.0,-76.0],[-53.0,-51.0],[-48.0,-37.0],[-35.0,-34.0]],"metronidazole":[[-78.0,-51.0],[-44.0,-43.0]],"glycylcyclines":[[-51.0,-51.0],[-50.0,-40.0],[-39.0,-33.0]],"macrolide_derivatives":[[-43.0,-43.0]],"cephalosporins":[[-18.0,-18.0],[-17.0,-15.0],[-10.0,16.0]],"lincomycin_derivatives":[[-10.0,-10.0]]},"abx_order":["aminoglycosides","carbapenems","cephalosporins","glycopeptide_antibiotics","glycylcyclines","lincomycin_derivatives","macrolide_derivatives","metronidazole","oxazolidinone_antibiotics","penicillins","quinolones","aztreonam","leprostatics","sulfonamides","tetracyclines"],"observed":[],"day_range":[-8.0,-2.0]}