{"id":"454","samples":[{"sample_id":"454A","day":-8.0,"comp":[0.400416,0.0,0.0,0.0,0.00075201,0.0,0.0,0.0,0.0,0.0,0.0,0.000520622,0.0,0.0,0.0,0.00138833,0.0,0.197432,0.0,0.0,0.0,0.0,0.00699948,0.0242957,0.0,0.0,0.0,0.0,0.0,0.0,0.0,0.0,0.0,0.0,0.00428067,0.0,0.00954474,0.0184532,0.0,0.0205935,0.0,0.0,0.0,0.0,0.0,0.0,0.00179326,0.0,0.0,0.0,0.0,0.000173541,0.0,0.0,0.000925551,0.0328571,0.00526407,0.0,0.042691,0.0,0.0,0.0,0.0,0.0,0.0,0.0,0.0,0.0,0.00109909,0.0,0.0,0.0,0.0,0.0,0.0,0.0,0.0,0.0,0.00266096,0.0,0.0,0.0,0.0,0.0,0.0,0.0,0.0821427,0.0,0.0,0.0,0.00277665,0.0,0.0,0.0,0.0,0.0,0.0,0.0,0.0,0.00248742,0.0,0.0,0.0,0.0,0.0,0.0,0.00248742,0.0,0.0,0.00138833,0.0,0.0,0.000347082,0.00242957,0.0,0.0186267,0.0,0.000404929,0.0,0.0,0.0,0.0,0.0,0.114768,0.0,0.0,0.0,0.0,0.0,0.0,0.0,0.0,0.0,0.0,0.0,0.0]},{"sample_id":"454B","day":-2.0,"comp":[0.218136,0.0,0.0,0.0,0.0,0.0,0.0,0.0,0.0,0.0,0.0,0.0,0.0,0.0,0.0,0.0,0.0,0.115019,0.0,0.0,0.0,0.0,0.123579,0.0209977,0.0,0.0,0.0,0.0,0.0,0.0,0.0,0.0,0.0,0.0,0.000534974,0.0,0.010432,0.0272837,0.0,0.0286211,0.0,0.0,0.0,0.0,0.0,0.0,0.0176541,0.0,0.0,0.0,0.0,0.0,0.0280861,0.0,0.0,0.0040123,0.0,0.0,0.187375,0.0,0.0,0.0,0.0,0.0,0.0,0.0,0.0,0.0,0.00200615,0.0,0.0,0.0,0.0,0.0,0.0,0.0,0.0,0.0,0.00187241,0.0,0.0,0.0,0.0,0.0,0.0,0.0,0.0,0.0,0.000802461,0.0,0.0,0.0,0.0,0.0,0.0,0.0,0.0,0.0,0.0,0.0,0.0,0.0,0.0,0.0,0.0,0.0,0.0298248,0.0,0.0177879,0.000534974,0.0,0.0,0.0,0.0324997,0.0,0.0115019,0.0,0.0,0.0,0.0,0.0,0.0,0.0,0.121439,0.0,0.0,0.0,0.0,0.0,0.0,0.0,0.0,0.0,0.0,0.0,0.0]}],"schedule":{"cephalosporins":[[-118.0,-86.0],[-37.0,-31.0],[115.0,121.0],[221.0,226.0],[247.0,254.0]],"glycopeptide_antibiotics":[[-118.0,-105.0],[-104.0,-98.0],[-41.0,-31.0],[-3.0,23.0],[112.0,112.0],[113.0,132.0],[134.0,139.0],[140.0,156.0],[158.0,161.0],[163.0,182.0],[197.0,204.0],[206.0,206.0],[207.0,207.0],[208.0,208.0],[209.0,212.0]],"quinolones":[[-65.0,-65.0],[-2.0,8.0],[94.0,100.0],[122.0,166.0]],"metronidazole":[[-48.0,-31.0],[247.0,254.0]],"penicillins":[[-41.0,-37.0],[8.0,13.0],[94.0,94.0],[112.0,112.0],[113.0,116.0]],"macrolide_derivatives":[[120.0,147.0]],"carbapenems":[[121.0,222.0],[225.0,233.0]],"oxazolidinone_antibiotics":[[156.0,158.0],[182.0,197.0]],"leprostatics":[[170.0,232.0],[247.0,249.0]]},"abx_order":["carbapenems","cephalosporins","glycopeptide_antibiotics","leprostatics","macrolide_derivatives","metronidazole","oxazolidinone_antibiotics","penicillins","quinolones","aminoglycosides","aztreonam","glycylcyclines","lincomycin_derivatives","sulfonamides","tetracyclines"],"observed":[],"day_range":[-8.0,-2.0]}