{"id":"457","samples":[{"sample_id":"457B","day":39.0,"comp":[0.0193697,0.0,0.0,0.0,0.0112108,0.0,0.0,0.14219,0.0,0.0,0.0,0.0,0.0363727,0.0,0.00778525,0.0266567,0.0,0.0252242,0.000560538,0.0,0.00230443,0.0110239,0.0,0.0,0.0,0.000435974,0.0,0.0,0.0,0.0,0.0,0.0,0.0,0.0,0.00130792,0.00716243,0.0328849,0.138079,0.0,0.000249128,0.0539362,0.0,0.0,0.129733,0.00230443,0.0,0.00093423,0.0,0.0,0.0,0.0,0.0,0.0,0.0,0.0,0.0,0.0,0.0,0.0632785,0.0,0.00946687,0.0,0.0257225,0.0,0.0,0.0,0.0,0.0,0.0,0.0,0.0,0.0,0.0,0.000560538,0.00031141,0.0,0.00143249,0.0,0.0,0.0,0.0,0.0,0.0,0.0,0.0,0.0,0.0,0.0,0.00604136,0.0,0.0591056,0.00274041,0.0,0.0,0.00236672,0.000435974,0.0,0.0,0.0,0.00317638,0.0,0.00361236,0.0,0.0,0.000996512,0.0,0.00105879,0.0,0.0,0.0,0.002429,0.0,0.00492028,0.0143871,0.0,0.0854509,0.00809666,0.00523169,0.000747384,0.0,0.000871948,0.0,0.0321375,0.0156951,0.0,0.0,0.0,0.0,0.0,0.0,0.0,0.0,0.0,0.0,0.0,0.0]},{"sample_id":"457C","day":46.0,"comp":[0.0438119,0.0,0.0,0.0,0.00280528,0.0,0.0,0.010396,0.0,0.0,0.0,0.0,0.0956271,0.0,0.0190594,0.244307,0.0,0.0521452,0.000742574,0.0,0.0,0.00049505,0.0,0.0,0.0,0.0,0.0,0.0,0.0,0.00049505,0.0,0.000825083,0.00272277,0.0,0.00214521,0.0040429,0.00214521,0.0859736,0.0,0.0,0.0346535,0.0,0.0,0.074835,0.00181518,0.0,0.000825083,0.0,0.0,0.0,0.0,0.0,0.0,0.0,0.0,0.0,0.0,0.0,0.0360561,0.0,0.00981848,0.0,0.0113861,0.0,0.000907591,0.0,0.0,0.0,0.0,0.0,0.0,0.0,0.0,0.00222772,0.000825083,0.0,0.00247525,0.0,0.0,0.0,0.0,0.0,0.0,0.0,0.0,0.0,0.0,0.0,0.00379538,0.0,0.152228,0.0070132,0.0,0.0,0.00231023,0.00429043,0.0,0.0,0.0,0.0212046,0.00280528,0.00676568,0.0,0.0,0.0,0.0,0.00156766,0.0,0.0,0.0,0.00544554,0.0,0.00371287,0.000742574,0.0,0.0040429,0.00247525,0.00734323,0.0,0.0,0.0,0.0,0.00511551,0.0240099,0.00156766,0.0,0.0,0.0,0.0,0.0,0.0,0.0,0.0,0.0,0.0,0.0]}],"schedule":{"cephalosporins":[[-718.0,-718.0],[-717.0,-716.0],[-664.0,-661.0],[21.0,31.0],[443.0,447.0]],"metronidazole":[[-718.0,-718.0],[-707.0,-706.0],[-666.0,-663.0],[-603.0,-602.0],[420.0,420.0]],"quinolones":[[-707.0,-707.0],[-597.0,-594.0],[-593.0,-593.0],[-109.0,-108.0],[44.0,46.0],[438.0,445.0]],"sulfonamides":[[-706.0,-706.0],[-700.0,-696.0]],"glycopeptide_antibiotics":[[-701.0,-701.0],[-700.0,-699.0],[-666.0,-665.0],[-664.0,-664.0],[11.0,11.0],[12.0,12.0],[14.0,14.0],[17.0,17.0],[18.0,20.0],[21.0,23.0],[420.0,420.0],[421.0,422.0]],"aminoglycosides":[[-666.0,-666.0]],"penicillins":[[-666.0,-666.0],[-329.0,-328.0],[11.0,15.0],[17.0,17.0],[18.0,21.0],[420.0,420.0],[421.0,425.0]],"carbapenems":[[-666.0,-664.0],[425.0,443.0]],"macrolide_derivatives":[[420.0,420.0],[421.0,423.0]],"oxazolidinone_antibiotics":[[425.0,447.0]]},"abx_order":["aminoglycosides","carbapenems","cephalosporins","glycopeptide_antibiotics","macrolide_derivatives","metronidazole","oxazolidinone_antibiotics","penicillins","quinolones","sulfonamides","aztreonam","glycylcyclines","leprostatics","lincomycin_derivatives","tetracyclines"],"observed":[],"day_range":[39.0,46.0]}