{"id":"462","samples":[{"sample_id":"462A","day":-4.0,"comp":[0.0989225,0.0,0.0,0.0,0.00062461,0.0,0.135384,0.0,0.0,0.0,0.000468457,0.0,0.0114772,0.000156152,0.0,0.265069,0.0,0.152873,0.0,0.0,0.0,0.0,0.0,0.0,0.0,0.0,0.0,0.0,0.0,0.0,0.0,0.0,0.0,0.0,0.000936914,0.00226421,0.0189725,0.00733916,0.0,0.0,0.0,0.0,0.0,0.0,0.0,0.0,0.0334947,0.0,0.0,0.0,0.0,0.0,0.0,0.0,0.0,0.0,0.0,0.0,0.0577764,0.0,0.0,0.0,0.000468457,0.0,0.0,0.0,0.0,0.0,0.0,0.0,0.0,0.0,0.0,0.00382573,0.0,0.0,0.0,0.0,0.0,0.0,0.0,0.0,0.0,0.0,0.0,0.0,0.0,0.0,0.0,0.0,0.00218613,0.0,0.0,0.0,0.0,0.0,0.0,0.0,0.0,0.0,0.0,0.0110868,0.0,0.0,0.0,0.0,0.011321,0.0,0.0,0.0,0.0,0.0480169,0.000468457,0.0119457,0.0,0.0179575,0.0,0.0,0.0,0.0,0.0,0.0,0.0,0.0986102,0.00835415,0.0,0.0,0.0,0.0,0.0,0.0,0.0,0.0,0.0,0.0,0.0]},{"sample_id":"462C","day":10.0,"comp":[0.00279298,0.0,0.0,0.0,0.0,0.0,0.0,0.0,0.0,0.0,0.0,0.0,0.0,0.0,0.0,0.0,0.0,0.0,0.0,0.0,0.0,0.0,0.0,0.0,0.0,0.0,0.0,0.0,0.0,0.0,0.0,0.0,0.0,0.0,0.0,0.0,0.985141,0.0,0.0,0.0,0.0,0.0,0.0,0.0,0.0,0.0,0.0,0.0,0.0,0.0,0.0,0.0,0.0,0.0,0.0,0.0,0.000446877,0.0,0.0,0.0,0.0,0.0,0.0102782,0.0,0.0,0.0,0.0,0.0,0.0,0.0,0.0,0.0,0.0,0.0,0.0,0.0,0.0,0.0,0.0,0.0,0.0,0.0,0.0,0.0,0.0,0.0,0.0,0.0,0.0,0.0,0.0,0.0,0.0,0.0,0.0,0.0,0.0,0.0,0.0,0.0,0.0,0.0,0.0,0.0,0.0,0.0,0.00134063,0.0,0.0,0.0,0.0,0.0,0.0,0.0,0.0,0.0,0.0,0.0,0.0,0.0,0.0,0.0,0.0,0.0,0.0,0.0,0.0,0.0,0.0,0.0,0.0,0.0,0.0,0.0,0.0,0.0]}],"schedule":{"glycopeptide_antibiotics":[[-389.0,-388.0],[-387.0,-382.0],[-380.0,-360.0],[-359.0,-353.0],[-308.0,-307.0],[-144.0,-141.0],[-134.0,-134.0],[-131.0,-129.0],[-128.0,-123.0],[-3.0,12.0],[78.0,78.0],[79.0,84.0],[154.0,157.0]],"penicillins":[[-389.0,-353.0],[-310.0,-302.0],[-145.0,-145.0]],"metronidazole":[[-388.0,-381.0],[-380.0,-379.0],[155.0,157.0]],"cephalosporins":[[-348.0,-348.0],[-134.0,-134.0],[-133.0,-123.0],[-57.0,-51.0],[2.0,12.0],[68.0,68.0],[154.0,157.0]],"aminoglycosides":[[-309.0,-309.0]],"tetracyclines":[[-307.0,-302.0]],"aztreonam":[[-145.0,-141.0],[78.0,78.0],[79.0,83.0],[154.0,154.0]],"quinolones":[[-7.0,1.0]],"macrolide_derivatives":[[154.0,157.0]]},"abx_order":["aminoglycosides","aztreonam","cephalosporins","glycopeptide_antibiotics","macrolide_derivatives","metronidazole","penicillins","quinolones","tetracyclines","carbapenems","glycylcyclines","leprostatics","lincomycin_derivatives","oxazolidinone_antibiotics","sulfonamides"],"observed":[],"day_range":[-4.0,10.0]}