{"id":"486","samples":[{"sample_id":"486A","day":-6.0,"comp":[0.0377524,0.0,0.0,0.0,0.0,0.0,0.0,0.0,0.0,0.0,0.0,0.0,0.0143108,0.0,0.0,0.0,0.0,0.32827,0.0,0.0,0.0,0.0,0.0,0.0,0.0,0.0,0.0,0.0,0.0,0.0,0.0,0.00193152,0.0,0.0,0.00149254,0.0,0.0169447,0.229061,0.0,0.000263389,0.0,0.0,0.0,0.0,0.0,0.0,0.0,0.0,0.0,0.0,0.0,0.0,0.0,0.0,0.0,0.0,0.000702371,0.0,0.00737489,0.0,0.0,0.0,0.0,0.0,0.0,0.0,0.000351185,0.0,0.0,0.0,0.0,0.0,0.0,0.0,0.0,0.0,0.0,0.0,0.0,0.0,0.0,0.000263389,0.0,0.0,0.0,0.0,0.0,0.0,0.0,0.0,0.00149254,0.0,0.0,0.0,0.00140474,0.0,0.0760316,0.0,0.0,0.000614574,0.0,0.0,0.0,0.0,0.0,0.0,0.00166813,0.000526778,0.0,0.0,0.0,0.00930641,0.00175593,0.0,0.0,0.0118525,0.0,0.00605795,0.0,0.0,0.0,0.0,0.0307287,0.209658,0.0101844,0.0,0.0,0.0,0.0,0.0,0.0,0.0,0.0,0.0,0.0,0.0]},{"sample_id":"486C","day":12.0,"comp":[0.000788519,0.0,0.0,0.0,0.00039426,0.0,0.0,0.379278,0.0,0.0,0.0,0.0,0.0,0.0,0.0,0.0,0.0,0.108185,0.0,0.0,0.0,0.0,0.0,0.0,0.0,0.0,0.0,0.0,0.0,0.0,0.0,0.0,0.0,0.0,0.0,0.0,0.435499,0.0128529,0.0,0.000709667,0.0,0.0,0.0,0.0,0.0,0.0,0.0,0.0,0.0,0.0,0.0,0.0,0.0,0.0,0.0,0.0,0.0,0.0,0.00307522,0.0,0.0,0.0,0.00268097,0.0,0.0,0.0,0.0,0.0,0.0,0.0,0.0,0.0,0.0,0.0,0.0,0.0,0.0,0.0,0.0,0.0,0.0,0.0,0.0,0.0,0.0,0.0,0.0,0.0,0.00386374,0.0,0.0,0.0,0.0,0.0,0.0,0.0,0.0,0.0,0.0,0.0,0.0,0.0,0.0,0.0,0.010093,0.0,0.00591389,0.0328812,0.0,0.0,0.000867371,0.0,0.0,0.0,0.0,0.00291752,0.0,0.0,0.0,0.0,0.0,0.0,0.0,0.0,0.0,0.0,0.0,0.0,0.0,0.0,0.0,0.0,0.0,0.0,0.0,0.0]}],"schedule":{"penicillins":[[-92.0,-89.0],[15.0,16.0],[307.0,316.0]],"cephalosporins":[[-89.0,-86.0]],"metronidazole":[[-89.0,-73.0]],"carbapenems":[[-86.0,-72.0]],"glycopeptide_antibiotics":[[-86.0,-72.0],[-2.0,8.0],[9.0,12.0],[15.0,16.0],[305.0,307.0]],"macrolide_derivatives":[[-82.0,-79.0]],"quinolones":[[-2.0,13.0]],"sulfonamides":[[271.0,271.0],[294.0,294.0],[296.0,296.0],[299.0,299.0],[301.0,301.0],[303.0,303.0],[306.0,306.0],[308.0,308.0],[310.0,310.0],[313.0,313.0],[315.0,315.0],[317.0,317.0],[320.0,320.0],[322.0,322.0],[324.0,324.0],[327.0,327.0],[329.0,329.0],[331.0,331.0],[334.0,334.0],[336.0,336.0],[338.0,338.0],[341.0,341.0],[343.0,343.0],[345.0,345.0],[348.0,348.0],[350.0,350.0],[352.0,352.0],[366.0,366.0],[369.0,369.0]]},"abx_order":["carbapenems","cephalosporins","glycopeptide_antibiotics","macrolide_derivatives","metronidazole","penicillins","quinolones","sulfonamides","aminoglycosides","aztreonam","glycylcyclines","leprostatics","lincomycin_derivatives","oxazolidinone_antibiotics","tetracyclines"],"observed":[],"day_range":[-6.0,12.0]}