{"id":"496","samples":[{"sample_id":"496A","day":-8.0,"comp":[0.0865252,0.0,0.0,0.0,0.00159824,0.0,0.0,0.0,0.0,0.0,0.0,0.0,0.0104161,0.0,0.00347203,0.255056,0.0,0.0428217,0.0,0.0439239,0.0,0.0,0.0,0.00374759,0.0,0.0,0.0,0.0,0.0,0.0,0.0,0.0,0.0,0.0,0.00314136,0.00253513,0.00600716,0.0116837,0.0,0.00121246,0.0,0.0,0.0,0.250207,0.0,0.0,0.00424359,0.0,0.0,0.0,0.0,0.000385781,0.0,0.0,0.0,0.00352714,0.117333,0.0,0.0272802,0.0,0.0,0.0,0.00540094,0.0,0.0,0.0,0.0,0.0,0.0,0.0,0.0,0.0,0.0,0.00110223,0.00385781,0.0,0.0,0.0,0.00694406,0.0,0.0,0.0,0.0,0.0,0.0,0.000440893,0.0,0.0023698,0.0,0.000606228,0.0,0.0,0.0,0.0,0.0,0.0,0.00187379,0.0,0.0,0.0,0.0,0.00352714,0.0,0.0,0.0,0.0,0.0208322,0.0,0.0,0.00159824,0.0,0.0120143,0.0,0.00462937,0.0,0.0276109,0.000826674,0.0154864,0.0,0.0,0.0,0.0,0.0,0.0157619,0.0,0.0,0.0,0.0,0.0,0.0,0.0,0.0,0.0,0.0,0.0,0.0]},{"sample_id":"496B","day":1.0,"comp":[0.0069979,0.0,0.0,0.0,0.0675297,0.0,0.0,0.0,0.0,0.0,0.0,0.0,0.0,0.0,0.0,0.00314906,0.0,0.0,0.0,0.0,0.0,0.0,0.0,0.0,0.0,0.0,0.0,0.0,0.0,0.0,0.0,0.0,0.0,0.0,0.0,0.0,0.213436,0.0,0.0,0.0,0.0,0.0,0.0,0.00069979,0.0,0.0,0.0,0.0,0.0,0.0,0.0,0.0,0.0,0.0,0.0,0.0,0.0,0.0,0.0,0.0,0.0,0.0,0.00629811,0.0,0.0,0.0,0.00139958,0.0,0.0174948,0.0,0.0,0.0,0.0,0.0,0.0,0.0,0.0,0.0,0.0,0.0,0.107768,0.0,0.0,0.00244927,0.0,0.0,0.0,0.0,0.0,0.0,0.0,0.0,0.0,0.0,0.0,0.0,0.0,0.0,0.0,0.0,0.0,0.0,0.0,0.0,0.0,0.0,0.547586,0.0,0.0,0.0,0.0,0.0,0.0,0.0251924,0.0,0.0,0.0,0.0,0.0,0.0,0.0,0.0,0.0,0.0,0.0,0.0,0.0,0.0,0.0,0.0,0.0,0.0,0.0,0.0,0.0,0.0]}],"schedule":{"penicillins":[[-219.0,-219.0],[-218.0,-188.0],[-173.0,-173.0],[-172.0,-169.0],[177.0,177.0],[178.0,178.0],[190.0,191.0],[261.0,328.0],[338.0,344.0],[346.0,351.0],[352.0,354.0],[359.0,359.0],[360.0,368.0],[383.0,383.0],[384.0,388.0]],"glycopeptide_antibiotics":[[-171.0,-168.0],[-159.0,-158.0],[-8.0,15.0],[17.0,17.0],[19.0,19.0],[177.0,177.0],[178.0,185.0],[190.0,191.0],[231.0,231.0],[232.0,232.0],[277.0,305.0],[306.0,306.0],[339.0,341.0],[342.0,344.0],[346.0,351.0],[359.0,359.0],[360.0,361.0],[383.0,383.0],[384.0,388.0]],"metronidazole":[[-171.0,-166.0],[-53.0,-43.0]],"carbapenems":[[-169.0,-109.0],[-60.0,-56.0],[-55.0,-43.0],[6.0,14.0],[196.0,212.0],[231.0,231.0],[232.0,238.0],[239.0,261.0],[360.0,360.0]],"aminoglycosides":[[-169.0,-168.0],[-152.0,-122.0]],"oxazolidinone_antibiotics":[[-158.0,-155.0],[-154.0,-145.0],[-143.0,-143.0],[-142.0,-113.0],[232.0,232.0],[233.0,233.0],[234.0,258.0],[360.0,360.0]],"cephalosporins":[[-8.0,6.0],[178.0,185.0],[191.0,196.0],[344.0,346.0]],"macrolide_derivatives":[[196.0,196.0]],"glycylcyclines":[[307.0,311.0],[314.0,318.0],[328.0,332.0],[335.0,337.0]],"quinolones":[[368.0,368.0],[369.0,371.0]]},"abx_order":["aminoglycosides","carbapenems","cephalosporins","glycopeptide_antibiotics","glycylcyclines","macrolide_derivatives","metronidazole","oxazolidinone_antibiotics","penicillins","quinolones","aztreonam","leprostatics","lincomycin_derivatives","sulfonamides","tetracyclines"],"observed":[],"day_range":[-8.0,1.0]}