{"id":"512","samples":[{"sample_id":"512A","day":-6.0,"comp":[0.159453,0.0,0.0,0.00390697,0.00457848,0.0,0.0,0.0189854,0.0,0.0,0.0,0.0,0.0537818,0.0,0.0104389,0.00140407,0.0,0.0992613,0.0,0.0,0.00146511,0.00262499,0.0,0.000488371,0.0,0.0,0.0,0.0,0.0,0.0,0.0,0.00622673,0.0015872,0.0,0.00390697,0.00317441,0.0100116,0.0042122,0.0,0.000305232,0.0,0.000366278,0.0,0.0388865,0.0124535,0.0,0.00109883,0.0,0.0,0.0,0.0,0.0,0.0,0.0,0.00415115,0.00427324,0.108479,0.0,0.0343691,0.0,0.0,0.0,0.0181918,0.000732556,0.0,0.0,0.0,0.0,0.0,0.000366278,0.000488371,0.0,0.0,0.00378487,0.00195348,0.0,0.0,0.0,0.0,0.0,0.0,0.0,0.0,0.0,0.0,0.0,0.00848544,0.00109883,0.0,0.000427324,0.000610463,0.0,0.0,0.0,0.0,0.0,0.0380929,0.042122,0.0,0.0,0.0,0.0140407,0.0,0.0,0.0,0.0,0.0917526,0.0,0.0,0.0,0.0,0.0391917,0.00958427,0.0,0.0,0.085648,0.0,0.0235028,0.0,0.018497,0.0,0.0042122,0.00195348,0.0,0.00537208,0.0,0.0,0.0,0.0,0.0,0.0,0.0,0.0,0.0,0.0,0.0]},{"sample_id":"512C","day":6.0,"comp":[0.0709829,0.0,0.0,0.0,0.00152502,0.0,0.0,0.00117843,0.0,0.0,0.000831831,0.0,0.0,0.000901151,0.000485235,0.0018023,0.0,0.00207958,0.0,0.00103979,0.0,0.0,0.0,0.00693193,0.000415916,0.0,0.0,0.000762512,0.0,0.0,0.0,0.0,0.0,0.0,0.0,0.0,0.0142105,0.00207958,0.0,0.0,0.00103979,0.000346596,0.0,0.0,0.000346596,0.0,0.0,0.0,0.0,0.0,0.0,0.0,0.0,0.0,0.0,0.0,0.0,0.0,0.0,0.0,0.0,0.0,0.0021489,0.000138639,0.0,0.0,0.0,0.0,0.0,0.00235686,0.0,0.0,0.0,0.0,0.000207958,0.0,0.0,0.000623874,0.0,0.0,0.0,0.0,0.0,0.0,0.0,0.0,0.0,0.0,0.0,0.0,0.0,0.0,0.0,0.0,0.0,0.0,0.0,0.0,0.0,0.000415916,0.0021489,0.0,0.0,0.0,0.664772,0.0,0.193747,0.000623874,0.00110911,0.0,0.0,0.000901151,0.0,0.0158741,0.0,0.00499099,0.0,0.0,0.0,0.0,0.0,0.0,0.0,0.0,0.00298073,0.0,0.0,0.0,0.0,0.0,0.0,0.0,0.0,0.0,0.0,0.0]}],"schedule":{"sulfonamides":[[-179.0,-179.0],[-176.0,-176.0],[-69.0,-69.0],[-67.0,-67.0],[-57.0,-55.0],[-39.0,-39.0],[108.0,111.0]],"cephalosporins":[[-179.0,-176.0]],"penicillins":[[-58.0,-55.0],[-1.0,10.0]],"glycopeptide_antibiotics":[[-1.0,10.0]]},"abx_order":["cephalosporins","glycopeptide_antibiotics","penicillins","sulfonamides","aminoglycosides","aztreonam","carbapenems","glycylcyclines","leprostatics","lincomycin_derivatives","macrolide_derivatives","metronidazole","oxazolidinone_antibiotics","quinolones","tetracyclines"],"observed":[],"day_range":[-6.0,6.0]}