{"id":"519","samples":[{"sample_id":"519A","day":-9.0,"comp":[0.199188,0.0,0.0,0.0,0.0010144,0.0,0.0,0.0,0.0,0.0,0.000365186,0.0,0.0598499,0.000162305,0.0,0.113086,0.0,0.0796105,0.0,0.0,0.0,0.0,0.0,0.00182593,0.0,0.00121729,0.0,0.0,0.0,0.0,0.0,0.00166362,0.0,0.0309191,0.0,0.000608643,0.00385474,0.0259688,0.0,0.00503145,0.0,0.0,0.00320552,0.0,0.0,0.0,0.00129844,0.0,0.105823,0.0,0.0,0.000324609,0.0,0.0,0.0,0.000243457,0.0317306,0.0,0.00194766,0.0,0.0,0.0,0.00105498,0.00137959,0.0,0.0,0.000486914,0.0,0.0,0.0,0.0,0.0,0.0,0.0,0.0,0.0,0.0,0.0,0.00121729,0.000446338,0.000324609,0.0,0.0,0.0,0.0,0.0,0.00977886,0.0580239,0.0,0.0,0.00105498,0.0,0.0,0.0,0.0,0.0,0.0514912,0.0,0.0,0.0,0.0,0.0278758,0.0,0.0,0.0,0.0,0.00746602,0.0,0.0,0.0,0.0,0.00507202,0.000770947,0.00243457,0.000811524,0.0775817,0.0,0.00316494,0.0,0.00945425,0.0,0.00194766,0.0,0.0594847,0.00973828,0.0,0.0,0.0,0.0,0.0,0.0,0.0,0.0,0.0,0.0,0.0]},{"sample_id":"519B","day":-3.0,"comp":[0.129771,0.0,0.0,0.0,0.0131202,0.0,0.0,0.0,0.0,0.0,0.0,0.0,0.0147901,0.0,0.0,0.0610687,0.0,0.0489027,0.0,0.0,0.0,0.0,0.0,0.0126431,0.0,0.0,0.0,0.0,0.0,0.0,0.0,0.0,0.0,0.0,0.0,0.0,0.00858779,0.0763359,0.0,0.0186069,0.0,0.0,0.0422233,0.0,0.0,0.0,0.0,0.0,0.0,0.0,0.0,0.000954198,0.0,0.0,0.0,0.00787214,0.0,0.0,0.0262405,0.0,0.0,0.0,0.000715649,0.0,0.0,0.0,0.0,0.0,0.0,0.0,0.0,0.0,0.0,0.0,0.0,0.0,0.0,0.0,0.0,0.0,0.0014313,0.0,0.0,0.0,0.0,0.0,0.0,0.0,0.0,0.0,0.0,0.0,0.0,0.0,0.0,0.0,0.0019084,0.0,0.0,0.0,0.0,0.00524809,0.0,0.0,0.0,0.0,0.09375,0.0,0.0,0.0114504,0.0,0.00357824,0.00739504,0.0548664,0.0,0.211594,0.0,0.0,0.0,0.00333969,0.0,0.0,0.0,0.143607,0.0,0.0,0.0,0.0,0.0,0.0,0.0,0.0,0.0,0.0,0.0,0.0]}],"schedule":{"penicillins":[[-95.0,-87.0]],"glycopeptide_antibiotics":[[-94.0,-85.0],[-3.0,12.0]],"cephalosporins":[[-87.0,-85.0],[-45.0,-45.0],[-44.0,-41.0],[-3.0,12.0]],"metronidazole":[[-87.0,-80.0]],"aminoglycosides":[[-85.0,-83.0],[-82.0,-82.0],[-81.0,-79.0]],"aztreonam":[[-85.0,-82.0],[-81.0,-81.0]],"oxazolidinone_antibiotics":[[-85.0,-80.0]],"carbapenems":[[-82.0,-82.0],[-81.0,-79.0]],"macrolide_derivatives":[[-59.0,-58.0]]},"abx_order":["aminoglycosides","aztreonam","carbapenems","cephalosporins","glycopeptide_antibiotics","macrolide_derivatives","metronidazole","oxazolidinone_antibiotics","penicillins","glycylcyclines","leprostatics","lincomycin_derivatives","quinolones","sulfonamides","tetracyclines"],"observed":[],"day_range":[-9.0,-3.0]}