{"id":"527","samples":[{"sample_id":"527A","day":-6.0,"comp":[0.0452181,0.0,0.0,0.0,0.00727036,0.0,0.0,0.0,0.0,0.0,0.0,0.0,0.0182646,0.000354652,0.00325098,0.00248256,0.0,0.251153,0.00041376,0.0,0.0,0.0,0.0,0.000531978,0.0,0.0871261,0.0,0.0,0.0,0.0,0.0,0.0,0.0,0.0172006,0.0,0.0359972,0.00118217,0.00177326,0.0,0.000827521,0.0,0.0,0.0,0.0,0.0,0.0,0.00331008,0.0,0.00130039,0.0,0.0,0.000236435,0.0,0.0,0.0,0.0374749,0.0,0.0,0.0228159,0.0136541,0.0,0.0,0.00768412,0.0221657,0.0,0.0,0.0,0.0,0.0,0.0,0.0,0.0,0.0,0.0113489,0.142097,0.0,0.0,0.000295543,0.0,0.0,0.000354652,0.0,0.0,0.0,0.0,0.0,0.0,0.00508334,0.000650195,0.0,0.0040785,0.0,0.0,0.0,0.0,0.0,0.000177326,0.0,0.0,0.0,0.0,0.0258896,0.0,0.0,0.0,0.0,0.0601726,0.0,0.0,0.0,0.0,0.0,0.0,0.0,0.000118217,0.000945738,0.0,0.0,0.00277811,0.0,0.0,0.0,0.160598,0.00372384,0.0,0.0,0.0,0.0,0.0,0.0,0.0,0.0,0.0,0.0,0.0,0.0]},{"sample_id":"527B","day":-1.0,"comp":[0.0124236,0.0,0.0,0.0,0.0123447,0.0,0.0169986,0.0,0.0,0.0,0.0001972,0.0,0.00323408,0.000512719,0.0003944,0.00149872,0.0,0.107158,0.0,0.0,0.0,0.0,0.0,0.0,0.0,0.00280024,0.0,0.0,0.0,0.0,0.0,0.0,0.0,0.0258332,0.00023664,0.000512719,0.00153816,0.0,0.0,0.0,0.0,0.0,0.0,0.0,0.0,0.0,0.0,0.0,0.0,0.0,0.0,0.00481167,0.0,0.00011832,0.0,0.000591599,0.0,0.0,0.00185368,0.0,0.0,0.0,0.412226,0.000473279,0.0,7.88799e-05,0.00023664,0.0021692,0.00027608,0.0,0.0,0.0,0.00126208,0.0,0.000985999,0.0,0.0,0.000709919,0.0,0.0,0.00433839,0.0,0.0,0.0,0.0,0.0,0.0,0.0,0.00563991,0.0,0.0,0.0,0.0,0.0,0.0,0.0,0.0,0.0,0.0,0.0,0.0,0.201578,0.0,0.00023664,0.0,0.0,0.0920923,0.0,0.0,0.0,0.0,0.0,0.0,0.00110432,0.0,0.00035496,0.00031552,0.0,0.00110432,0.0129757,0.0,0.0,0.0397555,0.0136068,0.015421,0.0,0.0,0.0,0.0,0.0,0.0,0.0,0.0,0.0,0.0,0.0]}],"schedule":{"cephalosporins":[[-10.0,-10.0],[103.0,103.0]],"quinolones":[[-9.0,13.0]],"glycopeptide_antibiotics":[[-2.0,13.0],[103.0,103.0]],"penicillins":[[104.0,104.0],[105.0,106.0]],"macrolide_derivatives":[[132.0,134.0],[135.0,135.0],[165.0,165.0]]},"abx_order":["cephalosporins","glycopeptide_antibiotics","macrolide_derivatives","penicillins","quinolones","aminoglycosides","aztreonam","carbapenems","glycylcyclines","leprostatics","lincomycin_derivatives","metronidazole","oxazolidinone_antibiotics","sulfonamides","tetracyclines"],"observed":[],"day_range":[-6.0,-1.0]}