{"id":"535","samples":[{"sample_id":"535A","day":-11.0,"comp":[0.181976,0.0,0.0,0.0,0.0,0.0,0.00669282,0.0,0.000692361,0.0,0.0,0.0,0.00565428,0.0,0.014655,0.0776598,0.0,0.122432,0.0,0.00380799,0.000576967,0.0,0.0,0.0343873,0.0,0.0,0.0,0.0,0.0,0.0,0.0,0.00161551,0.00103854,0.0,0.000807754,0.00657743,0.00253866,0.0122317,0.0,0.0,0.0,0.0,0.0529656,0.0188091,0.000807754,0.0,0.0035772,0.0,0.0,0.0,0.0,0.0,0.0,0.0,0.0,0.0,0.0388876,0.0,0.00334641,0.0,0.0,0.0,0.11597,0.00034618,0.0109624,0.0,0.0,0.0,0.0,0.0,0.00230787,0.0,0.0,0.0113086,0.000692361,0.0,0.0,0.0,0.000807754,0.0,0.0,0.0,0.0,0.0,0.0,0.0,0.0139626,0.000461574,0.0,0.0,0.0300023,0.0,0.0,0.00773136,0.00276944,0.00311562,0.0420032,0.0,0.0,0.0318486,0.0,0.0282714,0.0,0.0,0.0,0.0,0.0170782,0.0240018,0.0,0.00450035,0.0,0.00426956,0.00126933,0.0,0.0,0.00484653,0.00161551,0.028733,0.0,0.00657743,0.0,0.0,0.00461574,0.000923148,0.00726979,0.0,0.0,0.0,0.0,0.0,0.0,0.0,0.0,0.0,0.0,0.0]},{"sample_id":"535B","day":2.0,"comp":[0.0131654,0.0,0.0,0.0,0.0,0.0,0.0,0.0,0.000457928,0.0,0.0,0.0,0.0,0.0,0.0,0.0,0.0,0.0868918,0.0,0.00870063,0.0,0.0,0.0,0.0,0.0,0.0,0.0,0.0,0.0,0.00057241,0.0,0.00366342,0.0,0.0,0.0,0.0,0.000915856,0.00206068,0.0,0.00652547,0.0,0.0,0.0,0.0291929,0.000915856,0.0,0.000686892,0.0,0.0,0.0,0.0,0.0,0.0,0.0,0.0,0.0,0.0,0.0,0.0396108,0.0,0.0,0.0,0.0,0.0,0.00274757,0.0,0.0,0.0,0.0,0.0,0.0,0.0,0.0,0.000343446,0.0,0.0,0.0,0.0,0.0198054,0.0,0.0,0.0,0.0,0.0,0.0,0.0,0.0,0.0,0.0,0.0,0.0,0.0,0.0,0.0,0.0,0.0,0.0,0.0,0.0,0.0,0.0,0.0208357,0.0,0.0,0.0,0.0,0.232971,0.0,0.0,0.0,0.0,0.0,0.0278191,0.0,0.0,0.466629,0.0044648,0.0,0.0124785,0.0,0.0012593,0.0,0.0,0.0,0.0172868,0.0,0.0,0.0,0.0,0.0,0.0,0.0,0.0,0.0,0.0,0.0]}],"schedule":{"penicillins":[[-4.0,6.0],[58.0,58.0],[59.0,61.0]],"glycopeptide_antibiotics":[[-4.0,11.0]],"cephalosporins":[[6.0,6.0],[7.0,12.0]],"metronidazole":[[6.0,12.0],[59.0,61.0]]},"abx_order":["cephalosporins","glycopeptide_antibiotics","metronidazole","penicillins","aminoglycosides","aztreonam","carbapenems","glycylcyclines","leprostatics","lincomycin_derivatives","macrolide_derivatives","oxazolidinone_antibiotics","quinolones","sulfonamides","tetracyclines"],"observed":[],"day_range":[-11.0,2.0]}