{"id":"543","samples":[{"sample_id":"543A","day":-7.0,"comp":[0.214019,0.0,0.0,0.0,0.00116822,0.0,0.0036215,0.0317757,0.00350467,0.0,0.0,0.0,0.00128505,0.0,0.00245327,0.14521,0.0,0.0566589,0.000233645,0.0,0.000934579,0.0108645,0.0,0.0227804,0.00665888,0.0,0.00373832,0.0,0.0,0.0,0.0,0.0,0.0,0.0148364,0.0,0.000817757,0.00642523,0.0036215,0.0224299,0.0,0.00303738,0.0,0.0537383,0.0,0.00619159,0.0,0.0,0.0,0.00700935,0.0,0.0,0.0,0.0,0.121846,0.0,0.00198598,0.0,0.0,0.0,0.0,0.0,0.0,0.0,0.0,0.0,0.0,0.000350467,0.0,0.0,0.0102804,0.0,0.000233645,0.0,0.0,0.000934579,0.0,0.0,0.0,0.0,0.00046729,0.0,0.00163551,0.0,0.0,0.0,0.0,0.0,0.00233645,0.0,0.0,0.0110981,0.0,0.0067757,0.0114486,0.000934579,0.00128505,0.00186916,0.0,0.0021028,0.0635514,0.0,0.0,0.0,0.0,0.0,0.0,0.00549065,0.0529206,0.0,0.00397196,0.0,0.0,0.00221963,0.0,0.0,0.000700935,0.0,0.0127336,0.0,0.0318925,0.0,0.0,0.0,0.0,0.0279206,0.0,0.0,0.0,0.0,0.0,0.0,0.0,0.0,0.0,0.0,0.0]},{"sample_id":"543B","day":-1.0,"comp":[0.0292866,0.0,0.0,0.0,0.000750939,0.0,0.00400501,0.0,0.00175219,0.0,0.0,0.0,0.0,0.0,0.0100125,0.0332916,0.0,0.114143,0.0,0.0,0.0,0.0,0.0,0.0,0.0,0.0,0.0,0.0,0.0,0.0,0.0,0.0,0.0,0.0,0.0,0.00100125,0.00125156,0.0250313,0.00350438,0.0,0.0,0.0,0.0480601,0.0,0.0,0.0,0.0,0.0,0.0,0.0,0.0,0.0,0.0,0.245056,0.0,0.0,0.0,0.0,0.0,0.0,0.00250313,0.0,0.0,0.0,0.0,0.0,0.0,0.0,0.0,0.00425532,0.0,0.0,0.0,0.0,0.00750939,0.0,0.0,0.0,0.0,0.0,0.0,0.0,0.0,0.0,0.0,0.0,0.0,0.0,0.0,0.0,0.0,0.0,0.0,0.0,0.0,0.0,0.0,0.0,0.0,0.0760951,0.0,0.0320401,0.0,0.0,0.0,0.0,0.0077597,0.325907,0.0,0.0,0.0,0.0,0.0,0.0,0.0,0.0,0.0,0.00175219,0.0,0.0,0.0,0.0,0.0,0.0,0.0250313,0.0,0.0,0.0,0.0,0.0,0.0,0.0,0.0,0.0,0.0,0.0]}],"schedule":{"glycopeptide_antibiotics":[[-3.0,-3.0],[-2.0,0.0],[1.0,12.0],[13.0,13.0]],"penicillins":[[-3.0,13.0],[668.0,668.0],[669.0,670.0]],"sulfonamides":[[669.0,669.0],[671.0,671.0]]},"abx_order":["glycopeptide_antibiotics","penicillins","sulfonamides","aminoglycosides","aztreonam","carbapenems","cephalosporins","glycylcyclines","leprostatics","lincomycin_derivatives","macrolide_derivatives","metronidazole","oxazolidinone_antibiotics","quinolones","tetracyclines"],"observed":[],"day_range":[-7.0,-1.0]}