{"id":"594","samples":[{"sample_id":"594A","day":4.0,"comp":[0.217153,0.0,0.0,0.0,0.00410584,0.0,0.00593066,0.0,0.0,0.0,0.0,0.0,0.117701,0.0,0.00684307,0.0333029,0.0,0.0980839,0.0,0.0460766,0.0,0.00136861,0.0,0.0,0.0,0.0,0.0442518,0.0,0.0,0.0,0.0,0.0,0.0,0.057938,0.0,0.00136861,0.0,0.0,0.0419708,0.0,0.0,0.0,0.0155109,0.00456204,0.00319343,0.0,0.0,0.0,0.0104927,0.0,0.0,0.0,0.0,0.0,0.0,0.0,0.0114051,0.0,0.00775547,0.00319343,0.0,0.0,0.0,0.0,0.0,0.0,0.0,0.00547445,0.0,0.0,0.0,0.0,0.0,0.0,0.00136861,0.0,0.0,0.0,0.0,0.0,0.0,0.0,0.0,0.0,0.0,0.0,0.0,0.0,0.0,0.0,0.188412,0.0,0.0,0.0,0.0,0.0,0.00456204,0.00364964,0.0,0.0,0.0,0.00638686,0.0,0.0,0.0,0.0,0.00319343,0.0,0.0,0.0,0.0,0.0,0.00410584,0.0,0.0,0.00364964,0.0,0.00319343,0.0,0.0,0.0,0.0,0.0,0.0,0.0437956,0.0,0.0,0.0,0.0,0.0,0.0,0.0,0.0,0.0,0.0,0.0]},{"sample_id":"594B","day":10.0,"comp":[0.219279,0.0,0.0,0.0,0.00240833,0.0,0.0120417,0.0354627,0.0105365,0.0,0.000481667,0.00210729,0.0924198,0.0,0.0110783,0.0119212,0.0,0.130592,0.0,0.00812812,0.000481667,0.0406406,0.0,0.000120417,0.0,0.0,0.0127642,0.0,0.0,0.0,0.0,0.00349208,0.000421458,0.0131254,0.001445,0.00252875,0.000662292,0.00439521,0.0692396,0.000662292,0.0,0.0,0.0121019,0.0,0.014149,0.0,0.00108375,0.0,0.00493708,0.0,0.0,0.0,0.0,0.0,0.0,0.0,0.0334156,0.0,0.0,0.00222771,0.0,0.00240833,0.0,0.0,0.0,0.0,0.0,0.00626167,0.0,0.0,0.0,0.0,0.0,0.0021675,0.00295021,0.0,0.0,0.0,0.0,0.0,0.0,0.0,0.0,0.0,0.0,0.0,0.0,0.0246252,0.0,0.0,0.0892889,0.00824854,0.00770667,0.0,0.0,0.00234812,0.023421,0.00517792,0.0,0.0,0.0,0.00553917,0.0,0.0,0.0,0.0,0.0123427,0.00836896,0.0,0.000662292,0.0,0.0,0.00632187,0.0,0.0,0.00535854,0.000301042,0.004335,0.0,0.0,0.000963333,0.0,0.0,0.00102354,0.0258294,0.0,0.0,0.0,0.0,0.0,0.0,0.0,0.0,0.0,0.0,0.0]}],"schedule":{"quinolones":[[-2.0,-2.0]],"glycopeptide_antibiotics":[[-2.0,-2.0]]},"abx_order":["glycopeptide_antibiotics","quinolones","aminoglycosides","aztreonam","carbapenems","cephalosporins","glycylcyclines","leprostatics","lincomycin_derivatives","macrolide_derivatives","metronidazole","oxazolidinone_antibiotics","penicillins","sulfonamides","tetracyclines"],"observed":[],"day_range":[4.0,10.0]}