{"id":"635","samples":[{"sample_id":"635A","day":-6.0,"comp":[0.0186929,0.0,0.0,0.0,0.0848001,0.0,0.0,0.000272889,0.0,0.00177378,0.0,0.0,0.0,0.00252422,0.0,0.0,0.0,0.00143266,0.0,0.0,0.0,0.0,0.0,0.0,0.0,0.00197844,0.0,0.0,0.0,0.0,0.0,0.0,0.0,0.0,0.0,0.0,0.539091,0.0711557,0.0,0.0,0.0,0.000886888,0.000341111,0.0,0.0,0.0,0.0,0.0,0.0,0.000750443,0.0,0.00873243,0.0,0.0,0.0,0.0,0.0,0.000272889,0.0,0.0,0.0,0.0,0.00300177,0.00436622,0.0,0.0702688,0.000750443,0.0,0.0,0.0138491,0.0,0.0,0.0,0.0,0.0,0.0,0.0,0.00238777,0.0,0.0,0.00450266,0.0,0.0102333,0.0330877,0.0,0.0,0.0,0.0,0.00191022,0.0,0.000409333,0.0,0.0,0.0,0.0,0.0,0.0,0.0,0.0,0.0,0.002456,0.0,0.0,0.0,0.000477555,0.0,0.0363624,0.0,0.0,0.0,0.0,0.0,0.0,0.0796834,0.0,0.00177378,0.0,0.0,0.0,0.0,0.00177378,0.0,0.0,0.0,0.0,0.0,0.0,0.0,0.0,0.0,0.0,0.0,0.0,0.0,0.0,0.0]},{"sample_id":"635B","day":-3.0,"comp":[0.003373,0.0,0.0,0.0,0.00861988,0.0,0.0,0.0,0.0,0.0,0.0,0.0,0.0,0.0,0.0,0.0,0.0,0.000936944,0.0,0.0,0.0,0.0,0.0,0.0,0.0,0.0,0.0,0.0,0.0,0.0,0.0,0.0,0.0,0.0,0.0,0.0,0.617352,0.0,0.0,0.0,0.0,0.0,0.000468472,0.0,0.0,0.0,0.0,0.0,0.0,0.0,0.0,0.000655861,0.0,0.0,0.0,0.0,0.0,0.0,0.0,0.0,0.0,0.0,0.01471,0.0323246,0.0,0.00655861,0.00515319,0.0,0.0,0.000281083,0.0,0.0,0.0,0.0,0.0,0.0,0.0,0.000281083,0.0,0.0,0.000281083,0.0,0.0,0.0,0.0,0.000562166,0.0,0.0,0.0,0.0,0.0,0.0,0.0,0.0,0.0,0.0,0.0,0.0,0.0,0.0,0.0,0.0,0.0,0.0,0.000749555,0.0,0.300853,0.0,0.0,0.0,0.0,0.0,0.0,0.00365408,0.0015928,0.000936944,0.0,0.000655861,0.0,0.0,0.0,0.0,0.0,0.0,0.0,0.0,0.0,0.0,0.0,0.0,0.0,0.0,0.0,0.0,0.0,0.0]},{"sample_id":"635C","day":13.0,"comp":[0.0107031,0.000409689,0.0,0.0,0.000256056,0.0,0.000204845,0.000153633,0.0,0.0,0.0,0.0,0.0,0.0,0.0,0.000204845,0.000102422,0.000614534,0.0,0.0,0.0,0.0,0.0,0.0,0.0,0.0,0.0,0.0,0.0,0.0,0.0,0.0,0.0,0.0,0.0,0.0,0.820607,0.0004609,0.0,0.000153633,0.0,0.0,0.000256056,0.0,0.0,0.0,0.0,0.0,0.0,0.0,0.0,0.0,0.0,0.0,0.0,0.0,0.0,0.0,0.0,0.0,0.0,0.0,0.00291904,0.000358478,0.0,0.0,0.000614534,0.0,0.0,0.0,0.0,0.0,0.0,0.0,0.0,0.0,0.0,0.0,0.0,0.0,0.0,0.0,0.0,0.0,0.0,0.0,0.0,0.0,0.0,0.0,0.0,0.0,0.0,0.0,0.0,0.0,0.0,0.0,0.0,0.000358478,0.0,0.0,0.0,0.0,0.00107543,0.0,0.160086,0.0,0.0,0.0,0.0,0.0,0.0,0.0,0.0,0.000307267,0.0,0.000153633,0.0,0.0,0.0,0.0,0.0,0.0,0.0,0.0,0.0,0.0,0.0,0.0,0.0,0.0,0.0,0.0,0.0,0.0]}],"schedule":{"quinolones":[[-173.0,-173.0],[-172.0,-164.0],[-163.0,-162.0],[-160.0,-160.0],[-9.0,-1.0]],"penicillins":[[-173.0,-169.0]],"glycopeptide_antibiotics":[[-173.0,-173.0],[-172.0,-170.0],[-169.0,-163.0],[-161.0,-161.0],[-160.0,-160.0],[-159.0,-159.0],[-158.0,-158.0],[-157.0,-157.0],[-85.0,-79.0],[-55.0,-54.0],[-9.0,4.0],[5.0,16.0]],"lincomycin_derivatives":[[-165.0,-164.0]],"carbapenems":[[-164.0,-154.0]],"tetracyclines":[[-162.0,-153.0]],"sulfonamides":[[-162.0,-161.0],[-160.0,-160.0],[-157.0,-157.0],[-155.0,-155.0],[-153.0,-153.0],[-150.0,-150.0],[-148.0,-148.0],[-146.0,-146.0],[-143.0,-143.0],[-141.0,-141.0],[-139.0,-139.0],[-136.0,-136.0],[-134.0,-134.0],[-132.0,-132.0],[-85.0,-85.0],[-83.0,-83.0],[-80.0,-80.0],[-78.0,-78.0],[-76.0,-76.0]],"macrolide_derivatives":[[-85.0,-85.0],[-84.0,-84.0]],"cephalosporins":[[-85.0,-76.0],[-56.0,-54.0],[-1.0,11.0]],"metronidazole":[[-85.0,-83.0],[-82.0,-76.0],[-1.0,11.0]]},"abx_order":["carbapenems","cephalosporins","glycopeptide_antibiotics","lincomycin_derivatives","macrolide_derivatives","metronidazole","penicillins","quinolones","sulfonamides","tetracyclines","aminoglycosides","aztreonam","glycylcyclines","leprostatics","oxazolidinone_antibiotics"],"observed":[],"day_range":[-6.0,13.0]}