{"id":"686","samples":[{"sample_id":"686A","day":-5.0,"comp":[0.31964,0.0,0.0,0.0,0.00211058,0.0,0.000452267,0.0049184,0.0,0.0,5.65334e-05,0.000433423,0.0468285,0.0,0.0,0.074266,0.0,0.263728,0.0,0.00812196,0.000226133,0.00650134,0.0,0.0,0.0,0.0,0.0,0.0,0.0,0.0,0.0,0.0,0.0,0.055007,0.0018656,0.0,0.000414578,0.00448498,0.0,0.0,0.00601138,0.0,0.0,0.0325067,0.00642596,0.0,0.0,0.0,0.00582294,0.0,0.0,0.0,0.0,0.0,0.0,0.0,0.0,0.0,0.0101949,0.0,0.0,0.0,0.0,0.0,0.000433423,0.0,0.0,0.0,0.0,0.0,0.0,0.0,0.0,0.0,0.0,0.0,0.0,0.0,0.0,0.0,0.0,0.0,0.0,0.0,0.0,0.0,0.00872498,0.0040704,0.0,0.0,0.016357,0.0,0.0,0.0006784,0.00180907,0.0,0.00146987,0.0171673,0.000659556,0.0,0.0,0.0,0.0,0.0,0.0,0.0,0.0100064,0.0,0.0,0.0,0.0,0.0,0.00124373,0.0,0.0,0.0100629,0.00114951,0.00471111,0.000282667,0.00635058,0.000979912,0.0,0.000961067,0.00376889,0.0590962,0.0,0.0,0.0,0.0,0.0,0.0,0.0,0.0,0.0,0.0,0.0]},{"sample_id":"686D","day":20.0,"comp":[0.000423165,0.0,0.0,0.0,0.0373998,0.0,0.0,6.04522e-05,0.0,0.0,0.0,0.0,0.0,0.000100754,0.0,0.0,0.0,0.0,0.0,0.0,0.0,0.0,0.0,0.0,0.0,0.0,0.0,0.0,0.0,0.0,0.0,0.0,0.0,0.0,0.0,0.0,0.000302261,0.267622,0.0,0.270987,0.0,0.0,0.0,0.0,0.0,0.0,0.0,0.0,0.0,0.0,0.0,0.0,0.0,0.0,0.0,0.0,0.0,0.0,0.0,0.0,0.0,0.0,0.0,0.0,0.0,0.0,0.0,0.0,0.0,0.0,0.0,0.0,0.0,0.0,0.0,0.0,0.0,0.0,0.0,0.0,0.0,0.0,0.0,0.0,0.0,0.0,0.0,0.0,0.00983355,0.0,0.00054407,0.0,0.0,0.0,0.0,0.0,0.0,0.0,0.0,0.0,0.0,0.000241809,0.0,0.0,0.0,0.0,0.0343771,0.0,0.00348608,0.0,0.0,0.0,0.0,0.0,0.0,0.374622,0.0,0.0,0.0,0.0,0.0,0.0,0.0,0.0,0.0,0.0,0.0,0.0,0.0,0.0,0.0,0.0,0.0,0.0,0.0,0.0]}],"schedule":{"sulfonamides":[[-6.0,-3.0],[-2.0,-2.0],[16.0,21.0],[610.0,614.0]],"quinolones":[[-2.0,0.0],[1768.0,1768.0]],"glycopeptide_antibiotics":[[-2.0,12.0],[1639.0,1641.0]],"penicillins":[[0.0,13.0],[614.0,615.0],[1639.0,1639.0],[1769.0,1776.0]],"cephalosporins":[[17.0,17.0],[1776.0,1776.0]],"macrolide_derivatives":[[611.0,613.0],[1639.0,1641.0]],"leprostatics":[[1639.0,1641.0],[1768.0,1775.0]]},"abx_order":["cephalosporins","glycopeptide_antibiotics","leprostatics","macrolide_derivatives","penicillins","quinolones","sulfonamides","aminoglycosides","aztreonam","carbapenems","glycylcyclines","lincomycin_derivatives","metronidazole","oxazolidinone_antibiotics","tetracyclines"],"observed":[],"day_range":[-5.0,20.0]}