{"id":"753","samples":[{"sample_id":"753A","day":-8.0,"comp":[0.104714,0.000490299,0.0,0.00731946,0.00658402,0.0,0.104714,0.00052532,0.0,0.0,0.0,0.000105064,0.0880787,0.0,0.0088604,0.0564895,0.0,0.113469,0.00500805,0.0127828,0.0,0.0,0.0,0.00129579,0.00336205,0.0,0.0238495,0.0,0.0,0.0,0.0,0.00210128,0.0,0.0369826,0.0,0.0,0.000840513,0.000840513,0.0,0.000315192,0.000665406,0.0,0.00738951,0.00108566,0.0,0.0,0.000875534,0.0,0.0346361,0.0,0.0,0.000735449,0.0,0.0,0.0,0.0,0.0,0.0,0.008195,0.0,0.0,0.0,0.00122575,0.00178609,0.0,0.0,0.0,0.0,0.0,0.00024515,0.0,0.0,0.0,0.00024515,0.00220635,0.0,0.000840513,0.00024515,0.0,0.0,0.0,0.00206626,0.0,0.000210128,0.0,0.0,0.0,0.00150592,0.0,0.0,0.0199972,0.0,0.0,0.000210128,0.000420256,0.0,0.00343209,0.0,0.0,0.00942075,0.000350214,0.000420256,0.0,0.0,0.0,0.0,0.0321846,0.0722491,0.0213981,0.00182111,0.000630385,0.0,0.00189115,0.0,0.0,0.000665406,0.00052532,0.000350214,0.0,0.0268264,0.0,0.000805491,0.155705,0.00616376,0.001646,0.0,0.0,0.0,0.0,0.0,0.0,0.0,0.0,0.0,0.0,0.0]},{"sample_id":"753D","day":20.0,"comp":[0.592418,0.00122349,0.0,0.0,0.000141854,0.0,0.0,0.0,0.0,0.0,0.0,0.0,0.0275197,0.0,0.0,0.0325023,0.0,0.0,0.0,0.0,0.0,0.0,0.0,0.00494716,0.0,0.0,0.0,0.0,0.0,0.0,0.0,0.0,0.0,0.0,0.0,0.0,0.0253919,0.0,0.0,0.000656075,0.0,0.0,7.0927e-05,0.0,0.0,0.0,0.0,0.0,0.0,0.0,0.0,0.0,0.0,0.0,0.0,0.0,0.0,0.0,0.0,0.0,0.0,0.0,0.0869743,7.0927e-05,0.0,0.0,0.0,0.0,0.0,0.0,0.0,0.0,0.0,0.0,0.0,0.0,0.0,0.0,0.0,0.0,0.0,0.0,0.0,0.0,0.0,0.0,0.0,0.0,0.00388325,0.0,0.0,0.0,0.0,0.0,0.0,0.0,0.0,0.0,0.0,3.54635e-05,0.00205688,0.0,0.0,0.0,0.0600752,0.0,0.000265976,0.0,0.161199,0.000567416,0.0,0.0,0.0,0.0,0.0,0.0,0.0,0.0,0.0,0.0,0.0,0.0,0.0,0.0,0.0,0.0,0.0,0.0,0.0,0.0,0.0,0.0,0.0,0.0,0.0,0.0]}],"schedule":{"sulfonamides":[[-10.0,-3.0]],"quinolones":[[-10.0,-2.0],[50.0,51.0],[52.0,52.0],[53.0,53.0],[1732.0,1732.0],[1774.0,1774.0],[1798.0,1798.0]],"glycopeptide_antibiotics":[[-10.0,12.0],[47.0,49.0],[1872.0,1872.0]],"penicillins":[[-2.0,12.0],[47.0,50.0],[1732.0,1733.0]]},"abx_order":["glycopeptide_antibiotics","penicillins","quinolones","sulfonamides","aminoglycosides","aztreonam","carbapenems","cephalosporins","glycylcyclines","leprostatics","lincomycin_derivatives","macrolide_derivatives","metronidazole","oxazolidinone_antibiotics","tetracyclines"],"observed":[],"day_range":[-8.0,20.0]}