{"id":"764","samples":[{"sample_id":"764A","day":-1.0,"comp":[0.0301853,0.0,0.0,0.0,0.0107912,0.0,0.00181112,0.0,0.00641437,0.0,0.0,0.000830095,0.00305626,0.000377316,0.0050183,0.254726,0.000377316,0.0321473,0.0,0.0,0.0,0.00648983,0.0,0.0,0.0,0.0,0.0,0.0,0.0,0.0,0.0,0.00113195,0.0,0.00471645,0.00279214,0.0007169,0.0,0.516017,0.0,0.000226389,0.0,0.0,0.00615025,0.0,0.0,0.0,0.00150926,0.0,0.0,0.000490511,0.0,0.00135834,0.0,0.00313172,0.000565974,0.0,0.00328265,0.0,0.0469004,0.0,0.00135834,0.0,0.0,0.0,0.0,0.0,0.0,0.0,0.0,0.000792363,0.0,0.0,0.000641437,0.0,0.00162246,0.0,0.0,0.00173565,0.0,0.0,0.0,0.0,0.0,0.0,0.0,0.0,0.0,0.000226389,0.000226389,0.00135834,0.000679168,0.00139607,0.0,0.0,0.0,0.0,0.00203751,0.0,0.000565974,0.0106026,0.0,0.00562201,0.0,0.0,0.0,0.0,0.00403728,0.000339584,0.0,0.0,0.0,0.0,0.000867826,0.0,0.0,0.0,0.0,0.0086028,0.0,0.00433913,0.0,0.0,0.0,0.00116968,0.0105648,0.0,0.0,0.0,0.0,0.0,0.0,0.0,0.0,0.0,0.0,0.0]},{"sample_id":"764B","day":4.0,"comp":[0.000227337,0.0,0.0,0.0,0.0523444,0.0,0.0,0.00539926,0.0,0.0233021,0.0,0.0,0.0,0.000738846,0.0,0.0,0.0,0.0,0.0,0.0,0.0,0.0,0.0,0.0,0.0,0.0,0.0,0.0,0.0,0.0,0.0,0.0,0.0,0.0,0.0,0.0,0.0,0.727764,0.0,0.0,0.0,0.000682012,0.0,0.0,0.0,0.0,0.0,0.0,0.0,0.0,0.0,0.00136402,0.0,0.0,0.0,0.0,0.0,0.0,0.120716,0.0,0.0,0.0,0.0,0.0,0.0,0.0,0.0,0.0,0.0,0.0,0.0,0.0,0.0,0.0,0.0,0.0,0.0,0.0,0.0,0.0,0.0,0.0,0.0,0.0,0.0,0.0,0.0,0.0,0.000966184,0.0,0.0,0.0,0.0,0.0,0.0,0.0,0.0,0.0,0.0,0.0,0.0,0.0,0.0,0.0,0.0,0.0,0.0503552,0.0,0.0,0.0,0.0,0.0,0.0,0.00210287,0.0,0.0140381,0.0,0.0,0.0,0.0,0.0,0.0,0.0,0.0,0.0,0.0,0.0,0.0,0.0,0.0,0.0,0.0,0.0,0.0,0.0,0.0]},{"sample_id":"764C","day":18.0,"comp":[0.0,0.0,0.0,0.0,0.0,0.0,0.0,7.08165e-05,0.0,0.0,0.0,0.0,0.0,0.0,0.0,0.0,0.0,0.0,0.0,0.0,0.0,0.0,0.0,0.0,0.0,0.0,0.0,0.0,0.0,0.0,0.0,0.0,0.0,0.0,0.0,0.0,0.000377688,0.000118028,0.0,0.0,0.0,0.0,0.0,0.0,0.0,0.0,0.0,0.0,0.0,0.0,0.0,0.0,0.0,0.0,0.0,0.0,0.0,0.0,0.00068456,0.0,0.0,0.0,0.0600524,0.100323,0.0,0.0,0.0,0.0,0.0,0.0,0.0,0.0,0.0,0.0,0.072705,0.0,0.0,0.0,0.0,0.0,0.0,0.0,0.0,0.0,0.0,0.0,0.0,0.0,0.0,0.0,0.0,0.0,0.0,0.0,0.0,0.0,0.0,0.0,0.0,0.0,0.0,0.0,0.0,0.0,0.0132427,0.0,0.110309,0.0,0.0,0.0,0.0,0.0,0.0,0.0,0.0,0.642117,0.0,0.0,0.0,0.0,0.0,0.0,0.0,0.0,0.0,0.0,0.0,0.0,0.0,0.0,0.0,0.0,0.0,0.0,0.0,0.0]}],"schedule":{"penicillins":[[-2052.0,-2051.0],[-1158.0,-1152.0],[9.0,11.0],[41.0,41.0]],"glycopeptide_antibiotics":[[-2052.0,-2051.0],[-1164.0,-1162.0],[-1157.0,-1152.0],[-2.0,9.0],[11.0,11.0],[13.0,13.0],[15.0,15.0],[16.0,16.0],[17.0,17.0],[18.0,18.0],[20.0,20.0],[22.0,22.0],[23.0,23.0],[25.0,26.0],[28.0,28.0],[30.0,30.0],[31.0,31.0],[41.0,42.0]],"sulfonamides":[[-1254.0,-1254.0],[-1228.0,-1228.0],[-1207.0,-1207.0],[-1169.0,-1168.0],[-1167.0,-1167.0],[-90.0,-90.0],[-87.0,-87.0],[-85.0,-85.0],[-66.0,-66.0],[-64.0,-64.0],[-43.0,-43.0],[-41.0,-41.0],[-6.0,-2.0]],"quinolones":[[-1169.0,-1159.0],[-1158.0,-1158.0],[-2.0,9.0],[23.0,25.0]],"carbapenems":[[11.0,14.0],[15.0,23.0],[25.0,46.0]],"oxazolidinone_antibiotics":[[32.0,36.0]]},"abx_order":["carbapenems","glycopeptide_antibiotics","oxazolidinone_antibiotics","penicillins","quinolones","sulfonamides","aminoglycosides","aztreonam","cephalosporins","glycylcyclines","leprostatics","lincomycin_derivatives","macrolide_derivatives","metronidazole","tetracyclines"],"observed":[],"day_range":[-1.0,18.0]}