{"id":"765","samples":[{"sample_id":"765A","day":-2.0,"comp":[0.0885698,0.0,0.0,0.0,0.00596681,0.0,0.0,0.0,0.0134253,0.0,0.00354279,0.0,0.0080179,0.0,0.00522096,0.0656349,0.0,0.0770091,0.0,0.0,0.0,0.0,0.0,0.00205109,0.0,0.0132389,0.0,0.0,0.0,0.0,0.0,0.0,0.0,0.0,0.00279694,0.0244266,0.00186463,0.135745,0.0,0.0,0.0,0.0,0.0285288,0.0,0.0014917,0.00186463,0.00466157,0.0,0.127913,0.0,0.0,0.00130524,0.0,0.0,0.0,0.0285288,0.0,0.0,0.0432594,0.0,0.0,0.0,0.0,0.0,0.0,0.0,0.0,0.0,0.0,0.0,0.0,0.0,0.0,0.0,0.0,0.0,0.000559388,0.0,0.0,0.00167817,0.0,0.0,0.0,0.0,0.0,0.0,0.0,0.0,0.0,0.000745851,0.00447511,0.0,0.0,0.0,0.0,0.0,0.0,0.00335633,0.0,0.00391572,0.0,0.060041,0.0,0.0,0.0,0.0,0.0216297,0.0,0.0,0.0,0.0108148,0.0,0.0130524,0.0,0.0,0.136118,0.0,0.00895021,0.0,0.0,0.0,0.0,0.0,0.0378519,0.0117472,0.0,0.0,0.0,0.0,0.0,0.0,0.0,0.0,0.0,0.0,0.0]},{"sample_id":"765B","day":5.0,"comp":[0.0,0.0,0.0,0.0,0.00788288,0.0,0.0,0.0,0.0,0.0,0.0,0.0,0.0,0.0,0.0,0.0,0.0,0.0,0.0,0.0,0.0,0.0,0.0,0.0,0.0,0.0,0.0,0.0,0.0,0.0,0.0,0.0,0.0,0.0,0.0,0.0,0.987988,0.0,0.0,0.0,0.0,0.0,0.0,0.0,0.0,0.0,0.0,0.0,0.0,0.0,0.0,0.0,0.0,0.0,0.0,0.0,0.0,0.0,0.0,0.0,0.0,0.0,0.0015015,0.0,0.0,0.0,0.0,0.0,0.0,0.0,0.0,0.0,0.0,0.0,0.0,0.0,0.0,0.0,0.0,0.0,0.0,0.0,0.0,0.0,0.0,0.0,0.0,0.0,0.0,0.0,0.0,0.0,0.0,0.0,0.0,0.0,0.0,0.0,0.0,0.0,0.0,0.0,0.0,0.0,0.0,0.0,0.00262763,0.0,0.0,0.0,0.0,0.0,0.0,0.0,0.0,0.0,0.0,0.0,0.0,0.0,0.0,0.0,0.0,0.0,0.0,0.0,0.0,0.0,0.0,0.0,0.0,0.0,0.0,0.0,0.0,0.0]},{"sample_id":"765C","day":44.0,"comp":[0.000851374,0.0,0.0,0.0,0.00656775,0.0,0.0,0.0,0.0,0.0,0.0,0.0,0.0,0.0,0.0,0.0,0.0,0.0,0.0,0.0,0.0,0.0,0.0,0.0,0.0,0.0,0.0,0.0,0.0,0.0,0.0,0.0,0.0,0.0,0.0,0.0,0.863658,0.0,0.0,0.0,0.0,0.0,0.0,0.0,0.0,0.0,0.0,0.0,0.0,0.0,0.0,0.0,0.0,0.0,0.0,0.0,0.0,0.0,0.0,0.0,0.0,0.0,0.0,0.0004865,0.0,0.0,0.0,0.0,0.0,0.000608125,0.0,0.0,0.0,0.0,0.0,0.0,0.0,0.0,0.000608125,0.0,0.000608125,0.0,0.0,0.0,0.0,0.000972999,0.0,0.0,0.0,0.0,0.0,0.0,0.0,0.0,0.0,0.0,0.0,0.0,0.0,0.0,0.0,0.0,0.0,0.0,0.0,0.0,0.125639,0.0,0.0,0.0,0.0,0.0,0.0,0.0,0.0,0.0,0.0,0.0,0.0,0.0,0.0,0.0,0.0,0.0,0.0,0.0,0.0,0.0,0.0,0.0,0.0,0.0,0.0,0.0,0.0,0.0]}],"schedule":{"sulfonamides":[[-9.0,-2.0],[404.0,404.0],[406.0,406.0],[409.0,409.0],[413.0,415.0],[418.0,418.0]],"quinolones":[[-2.0,0.0],[34.0,34.0],[470.0,470.0]],"glycopeptide_antibiotics":[[-2.0,11.0],[41.0,41.0],[42.0,45.0],[404.0,410.0],[423.0,423.0],[424.0,424.0],[425.0,427.0],[495.0,495.0],[496.0,496.0],[504.0,504.0],[505.0,505.0],[521.0,521.0],[522.0,522.0],[523.0,523.0],[524.0,538.0],[539.0,539.0],[543.0,543.0],[545.0,545.0],[549.0,549.0],[563.0,563.0],[567.0,567.0],[576.0,576.0],[577.0,577.0],[580.0,580.0],[581.0,581.0]],"penicillins":[[0.0,0.0]],"cephalosporins":[[0.0,11.0],[44.0,45.0],[423.0,423.0],[424.0,427.0],[448.0,448.0],[449.0,450.0],[495.0,495.0],[496.0,503.0],[521.0,521.0]],"metronidazole":[[1.0,3.0],[42.0,42.0],[523.0,524.0],[569.0,583.0]],"macrolide_derivatives":[[41.0,41.0],[404.0,404.0],[405.0,409.0],[438.0,452.0],[453.0,470.0],[511.0,521.0]],"aztreonam":[[42.0,43.0],[403.0,403.0],[404.0,408.0],[452.0,458.0],[459.0,466.0],[470.0,470.0],[587.0,587.0],[588.0,592.0],[593.0,599.0]],"carbapenems":[[408.0,412.0],[427.0,428.0],[429.0,435.0],[449.0,449.0],[451.0,451.0],[470.0,483.0],[484.0,484.0],[485.0,485.0],[486.0,486.0],[504.0,504.0],[505.0,508.0],[522.0,522.0],[523.0,558.0],[563.0,563.0],[564.0,586.0]],"oxazolidinone_antibiotics":[[448.0,465.0],[470.0,486.0],[494.0,494.0],[495.0,495.0],[504.0,504.0]],"glycylcyclines":[[586.0,586.0],[587.0,599.0]]},"abx_order":["aztreonam","carbapenems","cephalosporins","glycopeptide_antibiotics","glycylcyclines","macrolide_derivatives","metronidazole","oxazolidinone_antibiotics","penicillins","quinolones","sulfonamides","aminoglycosides","leprostatics","lincomycin_derivatives","tetracyclines"],"observed":[],"day_range":[-2.0,44.0]}