{"id":"799","samples":[{"sample_id":"799A","day":-5.0,"comp":[0.157828,0.0,0.0,0.0,0.00133897,0.0,0.162675,0.0,0.0,0.0,0.0,0.0,0.0377739,0.0,0.000132011,0.0154075,0.0,0.140459,0.000150869,0.0,0.0,0.0,0.0,0.000150869,0.0,0.000132011,0.0151624,0.0,0.0,0.0,0.0,0.0,0.0,0.0759816,0.0,0.0,0.000678912,0.0,0.0854109,0.0,0.0,0.0,0.0164636,0.0,0.000942934,0.0,0.0,0.0,0.0737751,0.0,0.0,0.000150869,0.00028288,0.0,0.0,0.0,0.0026025,0.0,0.00143326,0.00160299,0.00099951,0.0,0.000113152,0.00362087,0.0,0.0,0.0,0.0,0.0,0.0,0.0,0.0,0.0,0.0,0.0,0.0,0.0,0.0,0.0,0.0,0.0,0.0,0.0,0.0,0.0,0.0,0.000452608,0.00124467,0.0,0.0,0.00103723,0.0,0.0,0.000169728,0.0,0.0,0.000942934,0.0,0.0,0.080998,0.0,0.0,0.0,0.0,0.0,0.0,0.00590276,0.0493343,0.000245163,0.0,0.0,0.0,0.000452608,0.0,0.0,0.00203674,0.0,0.00882586,0.000113152,0.0171425,0.0,0.00177272,0.0214423,0.00560103,0.00701543,0.0,0.0,0.0,0.0,0.0,0.0,0.0,0.0,0.0,0.0,0.0]},{"sample_id":"799B","day":2.0,"comp":[0.056161,0.0,0.0,0.0,0.220069,0.0,0.0,0.0,0.0,0.000669469,0.0,0.0,0.0,0.00107859,0.00040912,0.0,0.0,0.000520698,0.0,0.0,0.0,0.0,0.0,0.0,0.0,0.19277,0.0,0.0,0.0,0.0201956,0.0,0.0,0.0,0.0,0.0,0.0,0.00107859,0.0,0.0,0.0,0.0,0.000334734,0.0,0.0,0.0,0.0,0.0,0.0,0.0,0.0,0.0,0.055975,0.0,0.0,0.0,0.0,0.0,0.00275226,0.0,0.0,0.0,0.0,0.00182244,7.43854e-05,0.0,0.00055789,0.000223156,0.0,0.0,0.000818239,0.0,0.0,0.00498382,0.0,0.00688065,0.0,0.0,0.000781047,0.0,0.000148771,0.0,0.0,0.0,0.0,0.0,0.0,0.0,0.0,0.121806,0.0,0.0,0.0,0.0,0.0,0.0,0.0,0.0,0.0,0.0,0.0,0.00323576,0.0,0.0,0.000743854,0.000111578,0.00148771,0.28895,0.0,0.0,0.0,0.0,0.0,0.0,0.0153606,0.0,0.0,0.0,0.0,0.0,0.0,0.0,0.0,0.0,0.0,0.0,0.0,0.0,0.0,0.0,0.0,0.0,0.0,0.0,0.0,0.0,0.0]}],"schedule":{"sulfonamides":[[-6.0,-2.0]],"glycopeptide_antibiotics":[[-2.0,6.0],[8.0,8.0],[10.0,11.0],[13.0,13.0],[14.0,14.0]],"quinolones":[[-2.0,14.0]],"penicillins":[[63.0,63.0]]},"abx_order":["glycopeptide_antibiotics","penicillins","quinolones","sulfonamides","aminoglycosides","aztreonam","carbapenems","cephalosporins","glycylcyclines","leprostatics","lincomycin_derivatives","macrolide_derivatives","metronidazole","oxazolidinone_antibiotics","tetracyclines"],"observed":[],"day_range":[-5.0,2.0]}