{"id":"801","samples":[{"sample_id":"801A","day":-2.0,"comp":[0.399123,0.0,0.0,0.0,0.0105994,0.0,0.0,0.0,0.0,0.0,0.0,0.0,0.0063962,0.0,0.0369152,0.199561,0.0,0.0546418,0.0,0.0,0.0,0.0,0.0,0.00201023,0.0,0.0,0.0,0.0,0.0,0.0,0.0,0.0,0.0,0.0105994,0.00274123,0.0,0.00310673,0.0332602,0.0,0.0,0.0,0.0,0.0,0.0,0.0120614,0.0,0.0056652,0.0,0.00146199,0.0,0.0,0.0,0.0,0.0,0.0,0.00274123,0.0,0.0,0.0246711,0.0,0.0,0.0,0.0,0.0,0.0,0.0,0.0,0.0,0.0,0.0,0.0,0.0,0.0,0.0,0.0248538,0.0,0.0,0.0,0.00383772,0.0,0.0,0.0,0.0,0.0,0.0,0.0,0.0,0.00621345,0.0,0.0,0.00657895,0.0,0.000913743,0.0418494,0.0,0.00146199,0.0,0.0,0.0,0.00255848,0.0,0.000913743,0.0,0.0,0.0,0.0,0.00182749,0.0,0.0232091,0.0,0.0,0.0,0.00347222,0.0,0.0,0.0687135,0.0,0.00274123,0.0,0.0,0.0,0.0,0.0,0.00529971,0.0,0.0,0.0,0.0,0.0,0.0,0.0,0.0,0.0,0.0,0.0,0.0]},{"sample_id":"801B","day":11.0,"comp":[0.109371,0.0,0.0,0.0,0.0146429,0.0,0.0,0.0,0.0,0.0,0.0,0.0,0.00056319,0.0,0.00056319,0.015882,0.0,0.0398738,0.0,0.0,0.0,0.0,0.00439288,0.0,0.0,0.0,0.0,0.0,0.0,0.0,0.0,0.0,0.0,0.0,0.0,0.0,0.177292,0.283285,0.0,0.0,0.0,0.0,0.0,0.0,0.00146429,0.0,0.0,0.0,0.0,0.0,0.0,0.000901104,0.0,0.0,0.0,0.0,0.0,0.0,0.0,0.0,0.0,0.0,0.0,0.0,0.0,0.0,0.0,0.0,0.0,0.0,0.0,0.0,0.0,0.0,0.0,0.0,0.0,0.0,0.00957423,0.0,0.0,0.0,0.0,0.0,0.0,0.0,0.00912368,0.0,0.0,0.0,0.000450552,0.0,0.0,0.0,0.0,0.0,0.0,0.0,0.0,0.0,0.0,0.00360442,0.0,0.0,0.0,0.0,0.0108132,0.0,0.00765938,0.0,0.0,0.0,0.00405497,0.0,0.00112638,0.305362,0.0,0.0,0.0,0.0,0.0,0.0,0.0,0.0,0.0,0.0,0.0,0.0,0.0,0.0,0.0,0.0,0.0,0.0,0.0,0.0]}],"schedule":{"cephalosporins":[[-83.0,-83.0],[-82.0,-79.0]],"glycopeptide_antibiotics":[[-81.0,-76.0],[-74.0,-74.0],[-73.0,-73.0],[-72.0,-69.0],[-67.0,-67.0],[-66.0,-62.0],[-61.0,-61.0],[-60.0,-59.0],[-57.0,-48.0],[-47.0,-45.0],[-2.0,-1.0],[0.0,1.0],[2.0,16.0],[1646.0,1647.0]],"macrolide_derivatives":[[-80.0,-80.0]],"tetracyclines":[[-79.0,-79.0],[-78.0,-70.0]],"quinolones":[[-79.0,-76.0],[-2.0,8.0],[1622.0,1622.0]],"aztreonam":[[-79.0,-45.0]],"sulfonamides":[[-6.0,-2.0],[28.0,29.0],[1649.0,1650.0]],"penicillins":[[8.0,16.0],[1621.0,1621.0],[1646.0,1649.0]]},"abx_order":["aztreonam","cephalosporins","glycopeptide_antibiotics","macrolide_derivatives","penicillins","quinolones","sulfonamides","tetracyclines","aminoglycosides","carbapenems","glycylcyclines","leprostatics","lincomycin_derivatives","metronidazole","oxazolidinone_antibiotics"],"observed":[],"day_range":[-2.0,11.0]}