{"id":"816","samples":[{"sample_id":"816A","day":-5.0,"comp":[0.144908,0.0,0.0,0.0,0.00068648,0.000242287,0.0733323,8.07624e-05,0.0,0.0,0.0,0.0,0.0124374,0.0,0.0223914,0.0,0.00113067,0.0896866,0.000767243,0.0,0.0,0.00908577,0.0,0.000141334,0.0,0.0,0.0,0.0,0.0,0.0,0.0,0.00296802,0.0,0.0400783,0.000363431,0.000222097,0.000222097,0.0036545,0.130149,0.0,0.0,0.0,0.018959,0.0207156,0.00195849,0.0,0.0110443,0.0,0.00234211,0.0,0.000181715,0.000141334,0.0,0.0,0.000383621,0.000605718,0.022351,0.0,0.00900501,0.0,0.000585527,0.000807624,0.000201906,0.00068648,0.0,0.0,0.000504765,0.0,0.0,8.07624e-05,0.00749071,0.0,0.0,0.00504765,0.00177677,0.0,0.00749071,0.000141334,0.0,0.0,0.0,0.0165563,0.0,0.0,0.0,0.0,0.0,0.00613794,0.0,0.00034324,0.00617832,0.0127201,0.00755128,0.00662252,0.0010701,0.0168793,0.00510822,0.0079551,0.00779357,0.0694557,0.0,0.00123163,0.0,0.000464384,0.0,0.0,0.00157487,0.0971572,0.0,0.000222097,0.0,0.0,0.00272573,0.0,0.0,0.00212001,0.000141334,0.0234009,0.0,0.0240268,0.000121144,0.0068648,0.0,0.00329107,0.0272371,0.0,0.0,0.0,0.0,0.0,0.0,0.0,0.0,0.0,0.0,0.0]},{"sample_id":"816B","day":15.0,"comp":[0.025219,0.0,0.0,0.0,0.00110877,0.0,0.00645694,0.0204144,0.0,0.0,0.0,0.0,0.0459595,0.0,0.170402,0.000130443,0.0,0.0262191,0.0,0.0,0.0,0.0,0.0,0.0,0.0,0.0,0.0,0.0,0.0,0.0,0.0,0.0,0.0,0.00737005,0.0,0.0,0.000260887,0.0150445,0.0205448,0.0,0.0,4.34811e-05,0.0,4.34811e-05,0.0,0.0,0.000152184,0.0,0.000195665,0.0,0.0,8.69622e-05,0.0,0.0,0.0,0.0,0.0,0.0,0.0017175,0.0,0.0,0.0,0.0184577,0.0,0.0,0.0,0.0,0.0,0.0,0.0,0.0,0.0,0.0,0.0,0.0473727,0.0,0.136183,0.0,0.0,0.0,0.0,0.000695698,0.0,0.0,0.0,0.0,0.0,0.0,0.0,0.0,0.00039133,0.0,0.0,6.52216e-05,0.0,0.0,0.0,0.0,0.0,0.000913103,0.0,0.0,0.0,0.0,0.0115442,0.0,0.0801139,0.000326108,0.0,0.0,0.0,0.0,0.0,0.000217405,0.0,0.333565,0.0,0.0,0.0,0.000217405,0.0,0.000239146,0.0,0.0,0.0283279,0.0,0.0,0.0,0.0,0.0,0.0,0.0,0.0,0.0,0.0,0.0]}],"schedule":{"quinolones":[[-326.0,-321.0],[-6.0,-1.0]],"cephalosporins":[[-321.0,-313.0],[-1.0,-1.0],[0.0,0.0]],"glycopeptide_antibiotics":[[-6.0,-6.0],[-2.0,-1.0],[0.0,0.0],[3.0,3.0],[6.0,6.0],[8.0,8.0],[12.0,12.0],[15.0,15.0],[18.0,18.0],[19.0,19.0],[20.0,20.0],[23.0,23.0],[24.0,24.0]],"carbapenems":[[0.0,0.0],[1.0,6.0],[7.0,13.0],[14.0,17.0],[18.0,28.0]]},"abx_order":["carbapenems","cephalosporins","glycopeptide_antibiotics","quinolones","aminoglycosides","aztreonam","glycylcyclines","leprostatics","lincomycin_derivatives","macrolide_derivatives","metronidazole","oxazolidinone_antibiotics","penicillins","sulfonamides","tetracyclines"],"observed":[],"day_range":[-5.0,15.0]}