{"id":"837","samples":[{"sample_id":"837A","day":1.0,"comp":[0.0119806,0.0,0.0,0.0,0.00134288,0.0,0.0,0.000394966,0.000315972,0.0,0.0,0.0,0.0,0.000105324,0.000816262,0.0519511,0.514482,0.00563484,0.000789931,0.0,0.000921586,0.000236979,0.0,0.000289641,0.0,0.0,0.0,0.0,0.0,0.0,0.0,0.0,0.0,0.0,0.00210648,0.0,0.291063,0.000105324,0.0,0.000210648,0.0,0.0,0.0,0.000684607,0.0,0.0,0.0,0.0,0.00147454,0.0,0.0,0.0,0.0,0.0,0.0,0.0,0.0,0.0,0.000789931,0.0,0.0,0.0,0.0749118,0.000184317,0.0,0.0,0.0,0.0,0.0,0.000210648,0.0,0.0,0.0,0.0,0.0236979,0.0,0.0,0.0,0.0,0.0,0.0,0.0,0.0,0.0,0.0,0.0,0.0,0.0,0.0,0.0,0.0,0.0,0.0,0.0,0.0,0.0,0.0,0.0,0.0,0.00315972,0.0,0.000342303,0.0,0.0,7.89931e-05,0.0,0.00315972,0.0,0.0,0.0,0.0,0.0,0.000131655,0.0,0.0,0.00624046,0.0,0.000131655,0.0,0.0007636,0.0,0.0,0.0,0.0011849,0.000105324,0.0,0.0,0.0,0.0,0.0,0.0,0.0,0.0,0.0,0.0,0.0]},{"sample_id":"837B","day":4.0,"comp":[0.00818363,0.0,0.0,0.0,0.000598802,0.0,0.0,0.000898204,0.0202262,0.0,0.0,0.0,0.0,0.000133067,0.0091151,0.0185629,0.365968,0.00462409,0.000898204,0.0,0.0,0.0,0.0,0.0,0.0,0.0,0.0,0.0,0.0,0.0,0.0,0.0,0.0,0.0,0.000465735,0.0,0.334963,0.0,0.0,0.0,0.0,0.0,0.0,0.000199601,0.0,0.0,0.0,0.0,0.00212908,0.0,0.0,0.0,0.0,0.0,0.0,0.0,0.000432468,0.0,0.000232868,0.0,0.0,0.0,0.193546,0.000199601,0.0,0.0,0.0,0.0,0.0,0.000133067,0.0,0.0,0.0,0.0,0.0203925,0.0,0.0086161,0.0,0.0,0.0,0.0,0.0,0.0,0.0,0.0,0.0,0.0,0.0,0.0,0.0,0.0,0.0,0.0,0.0,0.0,0.0,0.0,0.0,0.0,0.00256154,0.0,0.000266134,0.0,0.0,0.000166334,0.0,0.00289421,0.0,0.0,0.0,0.0,0.0,0.0,0.0,0.0,0.00219561,0.0,0.0,0.0,0.000565536,0.0,0.0,0.0,0.00083167,0.0,0.0,0.0,0.0,0.0,0.0,0.0,0.0,0.0,0.0,0.0,0.0]},{"sample_id":"837C","day":10.0,"comp":[0.00408163,0.0,0.0,0.0,0.0,0.0,0.0,0.0800628,0.0379906,0.0,0.0,0.0,0.0,0.0,0.111774,0.0,0.155625,0.000732601,0.0,0.0,0.0,0.0,0.0,0.0,0.0,0.0,0.0,0.0,0.0,0.0,0.0,0.0,0.0,0.0,0.0,0.0,0.252747,0.0,0.0,0.0,0.0,0.0,0.0,0.0,0.0,0.0,0.00324437,0.0133961,0.0,0.0,0.0,0.0,0.0,0.0,0.0,0.0,0.0,0.0,0.0,0.0,0.0,0.0,0.0390372,0.0,0.0,0.0,0.0,0.0,0.0,0.0,0.0,0.0,0.0,0.0,0.0856096,0.0,0.0447933,0.0,0.0,0.0,0.0,0.0,0.0,0.0,0.0,0.0,0.0,0.0,0.0,0.0,0.0,0.0,0.0,0.0,0.0,0.0,0.0,0.0,0.0,0.0,0.0,0.0,0.0,0.0,0.0,0.0,0.169649,0.0,0.0,0.0,0.0,0.0,0.0,0.0,0.0,0.00125589,0.0,0.0,0.0,0.0,0.0,0.0,0.0,0.0,0.0,0.0,0.0,0.0,0.0,0.0,0.0,0.0,0.0,0.0,0.0,0.0]}],"schedule":{"quinolones":[[-949.0,-939.0],[-936.0,-935.0],[-104.0,-99.0],[-98.0,-93.0],[227.0,230.0]],"penicillins":[[-939.0,-936.0]],"glycopeptide_antibiotics":[[-938.0,-936.0],[-114.0,-114.0],[-113.0,-106.0],[-105.0,-101.0],[-100.0,-99.0],[-6.0,10.0],[222.0,227.0],[805.0,805.0],[806.0,806.0],[807.0,809.0]],"cephalosporins":[[-935.0,-935.0],[-934.0,-934.0],[-6.0,10.0],[12.0,13.0],[221.0,221.0],[222.0,223.0],[224.0,227.0],[572.0,575.0],[810.0,816.0]],"aztreonam":[[-114.0,-114.0],[-113.0,-106.0],[-105.0,-104.0],[805.0,805.0],[806.0,807.0]],"aminoglycosides":[[-103.0,-103.0]],"sulfonamides":[[-10.0,-2.0]],"carbapenems":[[10.0,12.0],[807.0,810.0]],"oxazolidinone_antibiotics":[[222.0,222.0]],"macrolide_derivatives":[[572.0,573.0],[574.0,574.0],[805.0,806.0]]},"abx_order":["aminoglycosides","aztreonam","carbapenems","cephalosporins","glycopeptide_antibiotics","macrolide_derivatives","oxazolidinone_antibiotics","penicillins","quinolones","sulfonamides","glycylcyclines","leprostatics","lincomycin_derivatives","metronidazole","tetracyclines"],"observed":[],"day_range":[1.0,10.0]}