{"id":"853","samples":[{"sample_id":"853A","day":10.0,"comp":[0.12263,0.0,0.0,0.0,0.000806777,0.0,0.0264219,0.00161355,0.0,0.0,0.0,0.0,0.0383219,0.0,0.00463897,0.0,0.0,0.229931,0.00302541,0.0,0.0,0.0,0.0,0.0,0.0,0.0,0.00584913,0.0,0.0,0.0,0.0,0.0,0.0,0.0592981,0.0,0.0,0.00121017,0.00544574,0.0,0.0,0.0,0.0,0.0,0.119,0.00141186,0.0,0.0,0.0,0.0294474,0.0,0.0,0.0,0.0,0.0,0.0,0.0,0.0,0.0,0.00100847,0.00322711,0.0,0.0036305,0.00746269,0.0,0.0,0.0,0.0,0.00524405,0.0,0.0,0.0,0.0,0.0,0.0,0.00121017,0.0,0.0,0.0,0.0,0.0,0.0,0.0,0.0,0.0,0.0,0.0,0.0,0.00463897,0.0,0.0,0.0784591,0.0,0.0,0.00847116,0.0,0.00322711,0.00564744,0.0,0.00867285,0.14885,0.0,0.00141186,0.0,0.0,0.0,0.0,0.00806777,0.0221864,0.0,0.0,0.0,0.0,0.00262203,0.0,0.0,0.0,0.000605083,0.00786608,0.0,0.0284389,0.0,0.0,0.0,0.0,0.0,0.0,0.0,0.0,0.0,0.0,0.0,0.0,0.0,0.0,0.0,0.0]},{"sample_id":"853B","day":12.0,"comp":[0.115722,0.0,0.0,0.0,0.00178859,0.0,0.0400644,0.0214631,0.0,0.0,0.0,0.0,0.00375604,0.0,0.00286174,0.0,0.0,0.199785,0.0,0.0,0.0,0.0,0.0,0.0,0.00196745,0.0,0.00178859,0.0,0.0,0.0,0.0,0.0,0.00357718,0.0332678,0.0,0.0,0.0030406,0.00411375,0.0,0.0,0.0,0.0,0.0,0.198712,0.00286174,0.0,0.0,0.0,0.0245037,0.0,0.0,0.0,0.0,0.0,0.0,0.0,0.0,0.0,0.00125201,0.00232517,0.0,0.0,0.072259,0.000178859,0.0,0.0,0.0,0.00626006,0.0,0.0,0.0,0.0,0.0,0.0,0.00107315,0.0,0.0,0.0,0.0,0.0,0.0,0.0,0.0,0.0,0.0,0.0,0.0,0.00375604,0.00107315,0.0,0.0423896,0.0,0.00125201,0.00232517,0.0,0.00268288,0.00214631,0.0,0.00286174,0.119478,0.0,0.0,0.0,0.0,0.0,0.0,0.0191379,0.0250402,0.0,0.0,0.0,0.0,0.0,0.0,0.0,0.00214631,0.00214631,0.0039349,0.0,0.0270077,0.0,0.0,0.0,0.0,0.0,0.0,0.0,0.0,0.0,0.0,0.0,0.0,0.0,0.0,0.0,0.0]}],"schedule":{"sulfonamides":[[-737.0,-737.0],[-198.0,-198.0],[-191.0,-191.0],[-184.0,-184.0],[-177.0,-177.0]],"glycopeptide_antibiotics":[[-586.0,-582.0],[-574.0,-574.0],[-268.0,-267.0],[613.0,613.0],[615.0,615.0],[616.0,616.0],[617.0,617.0],[618.0,618.0],[619.0,619.0],[620.0,620.0],[622.0,622.0],[624.0,626.0],[628.0,628.0]],"penicillins":[[-586.0,-581.0],[-574.0,-574.0],[-273.0,-266.0],[612.0,631.0]],"quinolones":[[-2.0,12.0]],"cephalosporins":[[612.0,626.0],[627.0,627.0]],"macrolide_derivatives":[[613.0,627.0]],"carbapenems":[[628.0,629.0],[630.0,630.0]],"oxazolidinone_antibiotics":[[629.0,630.0]]},"abx_order":["carbapenems","cephalosporins","glycopeptide_antibiotics","macrolide_derivatives","oxazolidinone_antibiotics","penicillins","quinolones","sulfonamides","aminoglycosides","aztreonam","glycylcyclines","leprostatics","lincomycin_derivatives","metronidazole","tetracyclines"],"observed":[],"day_range":[10.0,12.0]}