{"id":"886","samples":[{"sample_id":"886A","day":-9.0,"comp":[0.212894,0.0,0.0,0.0,0.00986288,0.0,0.0,0.0,0.0,0.0,0.0,0.0,0.0644696,0.0,0.0,0.0,0.0,0.146259,0.0,0.0,0.0,0.0,0.0,0.0,0.0,0.0,0.0,0.0,0.0,0.0,0.0,0.0,0.0,0.0,0.0,0.0,0.0437816,0.216743,0.0,0.0,0.0,0.0,0.0,0.0,0.0,0.0,0.00192446,0.0,0.0,0.0,0.0,0.000721674,0.0,0.0,0.0,0.0,0.0,0.0,0.00192446,0.0,0.0,0.0,0.0762569,0.0,0.0045706,0.0,0.00216502,0.0,0.0,0.0,0.0,0.0,0.0,0.0,0.0,0.0,0.0,0.0,0.00433005,0.0,0.0,0.0,0.0,0.0,0.0,0.0,0.0,0.00408949,0.0,0.0,0.0,0.0,0.0,0.0,0.0,0.0,0.0,0.0,0.0,0.0,0.0,0.0295886,0.0,0.0,0.0,0.0,0.0312726,0.0,0.0,0.0,0.0,0.0,0.0,0.0,0.0259803,0.0562906,0.0,0.0,0.0,0.0,0.0,0.0,0.0,0.0668752,0.0,0.0,0.0,0.0,0.0,0.0,0.0,0.0,0.0,0.0,0.0,0.0]},{"sample_id":"886B","day":-1.0,"comp":[0.122499,0.0,0.0,0.0,0.00694161,0.0,0.0,0.0,0.0,0.0,0.0,0.0,0.0310331,0.0,0.0,0.0,0.0,0.0935076,0.0,0.0,0.0,0.0,0.0,0.0,0.0,0.0,0.0,0.0,0.0,0.0,0.0,0.0,0.0,0.0,0.0,0.0,0.00244998,0.286648,0.0,0.0,0.0,0.0,0.0,0.0,0.0,0.0,0.0,0.0,0.0,0.0,0.0,0.0,0.0,0.0,0.0,0.0,0.0,0.0,0.0,0.0,0.0,0.0,0.0208248,0.0,0.0,0.0,0.0,0.0,0.0,0.00122499,0.0,0.0,0.0,0.0,0.0,0.0,0.0,0.0,0.00449163,0.0,0.0,0.0,0.0,0.0,0.0,0.0,0.0,0.0,0.0,0.0,0.0,0.0,0.0,0.0,0.0,0.0,0.0,0.0,0.0,0.0,0.0,0.00979992,0.0,0.0,0.0,0.0,0.0118416,0.0,0.0,0.0,0.0,0.0,0.0,0.0,0.0,0.0298081,0.0,0.0,0.0,0.0,0.0,0.0,0.0,0.37893,0.0,0.0,0.0,0.0,0.0,0.0,0.0,0.0,0.0,0.0,0.0,0.0]}],"schedule":{"penicillins":[[-220.0,-218.0],[-209.0,-208.0],[-178.0,-175.0],[-147.0,-144.0],[-143.0,-140.0],[-130.0,-127.0],[-113.0,-104.0],[-27.0,-24.0],[-3.0,2.0],[4.0,11.0],[12.0,12.0],[15.0,24.0],[42.0,43.0],[44.0,47.0],[48.0,49.0],[266.0,266.0],[267.0,268.0]],"glycopeptide_antibiotics":[[-219.0,-219.0],[-3.0,-3.0],[-2.0,2.0],[4.0,11.0],[12.0,12.0],[17.0,18.0],[19.0,20.0],[21.0,21.0],[43.0,43.0],[44.0,44.0],[49.0,52.0]],"quinolones":[[-140.0,-138.0],[-24.0,-24.0],[-11.0,-3.0],[269.0,270.0]],"tetracyclines":[[-140.0,-138.0]],"metronidazole":[[-24.0,-24.0],[2.0,3.0]],"sulfonamides":[[-11.0,-2.0]],"carbapenems":[[2.0,4.0],[49.0,57.0]],"oxazolidinone_antibiotics":[[2.0,4.0],[267.0,267.0]],"macrolide_derivatives":[[267.0,267.0],[268.0,268.0]]},"abx_order":["carbapenems","glycopeptide_antibiotics","macrolide_derivatives","metronidazole","oxazolidinone_antibiotics","penicillins","quinolones","sulfonamides","tetracyclines","aminoglycosides","aztreonam","cephalosporins","glycylcyclines","leprostatics","lincomycin_derivatives"],"observed":[],"day_range":[-9.0,-1.0]}