{"id":"905","samples":[{"sample_id":"905A","day":-5.0,"comp":[0.232747,0.0,0.0,0.0,0.0012198,0.0,0.00760028,0.000187661,0.0,0.0,0.0,0.0,0.0912972,0.0,0.000187661,0.232794,0.0,0.127985,0.00150129,0.0,0.0,0.0,0.0,0.00079756,0.00412855,0.0,0.00567675,0.0,0.0,0.0,0.0,0.00136054,0.0,0.0623974,0.000234577,0.0,0.00197044,0.00239268,0.024396,0.00164204,0.0,0.0,0.0387051,0.0,0.000891391,0.0,0.0,0.000328407,0.052639,0.0,0.0,0.0,0.0,0.0,0.0,0.0,0.00666198,0.0,0.0,0.00126671,0.0,0.0,0.000234577,0.000140746,0.0,0.0,0.000328407,0.00150129,0.0,0.0,0.0,0.0,0.0,0.000469153,0.0,0.0,0.0,0.0,0.0,0.0,0.0,0.0,0.0,0.0,0.0,0.0,0.0,0.0,0.0,0.0,0.029369,0.0,0.0,0.000422238,0.0,0.0,0.00197044,0.0,0.0,0.000516068,0.0,0.0,0.0,0.0,0.000328407,0.0,0.0136524,0.0207835,0.0,0.00107905,0.0,0.0,0.00164204,0.000234577,0.0,0.0018297,0.0,0.00211119,0.0,0.0170772,0.0,0.0,0.00164204,0.000891391,0.002768,0.0,0.0,0.0,0.0,0.0,0.0,0.0,0.0,0.0,0.0,0.0]},{"sample_id":"905B","day":6.0,"comp":[0.0266938,0.0,0.0,0.0,0.00152536,0.0,0.00222448,0.0,0.0,0.0,0.0,0.0,0.00374984,0.0,0.0,0.00279649,0.0,0.00406762,0.0,0.000699123,0.0,0.0,0.0,0.00076268,0.0,0.0,0.0,0.0,0.00610144,0.0,0.0,0.0,0.0,0.00139825,0.0,0.0,0.00648278,0.000444896,0.00114402,0.0,0.0,0.0,0.00152536,0.00076268,0.0,0.0,0.0,0.0,0.00222448,0.0,0.0,0.0,0.0,0.0,0.0,0.0,0.0,0.0,0.0,0.0,0.0,0.0,0.00972416,0.0029236,0.0,0.0,0.00209737,0.0,0.0,0.000317783,0.0,0.0,0.000127113,0.0,0.0,0.0,0.0,0.00266938,0.0,0.0,0.0,0.0,0.0,0.0,0.0,0.0,0.00076268,0.0,0.0,0.0,0.0,0.0,0.0,0.0,0.0,0.0,0.000635566,0.0,0.0,0.00394051,0.0,0.0,0.0,0.0,0.00197026,0.0,0.890746,0.0,0.0,0.0,0.0,0.0,0.0,0.0187492,0.0,0.00139825,0.00019067,0.000699123,0.0,0.000444896,0.0,0.0,0.0,0.0,0.0,0.0,0.0,0.0,0.0,0.0,0.0,0.0,0.0,0.0,0.0,0.0]}],"schedule":{"cephalosporins":[[-457.0,-457.0]],"quinolones":[[-7.0,-5.0]],"sulfonamides":[[-7.0,-2.0]],"glycopeptide_antibiotics":[[-7.0,17.0],[18.0,22.0]],"penicillins":[[-4.0,4.0],[6.0,7.0]],"carbapenems":[[4.0,6.0],[7.0,23.0]]},"abx_order":["carbapenems","cephalosporins","glycopeptide_antibiotics","penicillins","quinolones","sulfonamides","aminoglycosides","aztreonam","glycylcyclines","leprostatics","lincomycin_derivatives","macrolide_derivatives","metronidazole","oxazolidinone_antibiotics","tetracyclines"],"observed":[],"day_range":[-5.0,6.0]}