{"id":"973","samples":[{"sample_id":"973A","day":-3.0,"comp":[0.000262651,0.0,0.0,0.0,0.0,0.0,0.0,0.00131326,0.0,0.0,0.0,0.0,0.0,0.0,0.0,0.0,0.0,0.0,0.0,0.0,0.0,0.0,0.0,0.0,0.0,0.0,0.0,0.0,0.0,0.0,0.0,0.0,0.0,0.0,0.0,0.0,0.00271406,0.000700403,0.0,0.0,0.0,0.0,0.0,0.0,0.0,0.0,0.0,0.0,0.0,0.0,0.0,0.0,0.000787953,0.0,0.0,0.0,0.0,0.0,0.0,0.0,0.0,0.0,0.00271406,0.00621607,0.0,0.0,0.00236386,0.0,0.0,0.0,0.0,0.0,0.0,0.0,0.0,0.0,0.0,0.0,0.0164595,0.0,0.0,0.0,0.0,0.0,0.0,0.0,0.0,0.0,0.00157591,0.0,0.0,0.0,0.0,0.0,0.0,0.0,0.0,0.0,0.0,0.0,0.0,0.0,0.0,0.0,0.0,0.0,0.944055,0.0,0.0,0.0,0.0,0.0,0.0,0.020837,0.0,0.0,0.0,0.0,0.0,0.0,0.0,0.0,0.0,0.0,0.0,0.0,0.0,0.0,0.0,0.0,0.0,0.0,0.0,0.0,0.0,0.0]},{"sample_id":"973B","day":10.0,"comp":[0.0,0.0,0.0,0.0,0.0,0.0,0.0,0.00148699,0.0,0.0,0.0,0.0,0.0,0.0,0.0,0.0,0.0,0.00198265,0.0,0.0,0.0,0.0,0.0,0.0,0.0,0.0,0.0,0.0,0.0,0.0,0.0,0.0,0.0,0.0,0.0,0.0,0.00421314,0.000991326,0.0,0.0,0.0,0.0,0.0,0.0,0.0,0.0,0.0,0.0,0.0,0.0,0.0,0.191822,0.0,0.0,0.0,0.0,0.0,0.0,0.0,0.0,0.0,0.0,0.0,0.0408922,0.0,0.0,0.0,0.0,0.0,0.0,0.0,0.0,0.0,0.0,0.0,0.0,0.0,0.0,0.0,0.0,0.0,0.0,0.0,0.0,0.0,0.0,0.0,0.0,0.067658,0.0,0.0,0.0,0.0,0.0,0.0,0.0,0.0,0.0,0.0,0.0,0.0,0.0,0.0,0.0,0.0,0.0,0.612887,0.0,0.0,0.0,0.0,0.0,0.0,0.0770756,0.0,0.000991326,0.0,0.0,0.0,0.0,0.0,0.0,0.0,0.0,0.0,0.0,0.0,0.0,0.0,0.0,0.0,0.0,0.0,0.0,0.0,0.0]},{"sample_id":"973C","day":14.0,"comp":[0.00158851,0.0,0.0,0.0,0.0,0.0,0.0,0.000276262,0.0,0.0,0.0,0.0,0.0,0.0,0.0,0.0,0.0,0.0,0.0,0.0,0.0,0.0,0.0,0.0,0.0,0.0,0.0,0.0,0.0,0.0,0.0,0.0,0.0,0.0,0.0,0.0,0.00290075,0.000759721,0.0,0.0,0.0,0.0,0.0,0.0,0.0,0.0,0.0,0.0,0.0,0.0,0.0,0.0817045,0.000207197,0.0,0.0,0.0,0.0,0.0,0.0,0.0,0.0,0.0,0.00690655,0.0169211,0.0,0.0,0.0,0.0,0.0,0.0,0.0,0.0,0.0,0.0,0.0,0.0,0.0,0.0,0.0,0.0,0.0,0.0,0.0,0.0,0.0,0.0,0.0,0.0,0.0151254,0.0,0.0,0.0,0.0,0.0,0.0,0.0,0.0,0.0,0.0,0.0,0.0,0.0,0.0,0.0,0.0,0.0,0.802611,0.0,0.0,0.0,0.0,0.0,0.0,0.0709994,0.0,0.0,0.0,0.0,0.0,0.0,0.0,0.0,0.0,0.0,0.0,0.0,0.0,0.0,0.0,0.0,0.0,0.0,0.0,0.0,0.0,0.0]}],"schedule":{"glycopeptide_antibiotics":[[-79.0,-78.0],[-77.0,-77.0],[-76.0,-74.0],[-73.0,-68.0],[-56.0,-56.0],[503.0,512.0],[793.0,807.0],[1144.0,1147.0],[1151.0,1153.0],[1167.0,1167.0]],"penicillins":[[-79.0,-54.0],[249.0,250.0],[492.0,492.0],[632.0,632.0],[793.0,795.0],[798.0,801.0],[802.0,818.0],[914.0,917.0],[1077.0,1079.0],[1128.0,1128.0],[1129.0,1134.0],[1143.0,1145.0],[1193.0,1196.0],[1202.0,1202.0],[1203.0,1206.0]],"sulfonamides":[[-76.0,-76.0],[-69.0,-69.0],[-12.0,-2.0],[482.0,483.0],[492.0,492.0],[494.0,494.0],[497.0,497.0],[499.0,499.0],[501.0,501.0],[504.0,504.0],[506.0,506.0],[508.0,508.0],[511.0,511.0]],"oxazolidinone_antibiotics":[[-56.0,-25.0],[-24.0,-16.0],[491.0,491.0],[492.0,493.0],[1153.0,1169.0],[1189.0,1192.0],[1193.0,1196.0],[1202.0,1211.0]],"cephalosporins":[[-54.0,-50.0],[-47.0,-24.0],[346.0,346.0],[491.0,491.0],[496.0,498.0],[499.0,505.0],[1099.0,1099.0],[1100.0,1104.0],[1105.0,1117.0],[1173.0,1173.0],[1174.0,1180.0]],"metronidazole":[[-53.0,-53.0],[-52.0,-50.0]],"carbapenems":[[-50.0,-47.0],[-24.0,-15.0],[492.0,496.0],[505.0,512.0],[795.0,798.0],[1145.0,1173.0],[1174.0,1174.0],[1180.0,1193.0],[1206.0,1211.0]],"glycylcyclines":[[-49.0,-49.0],[-48.0,-47.0]],"aminoglycosides":[[-23.0,-18.0]],"quinolones":[[-14.0,-13.0],[-2.0,13.0],[818.0,818.0],[1127.0,1127.0]],"tetracyclines":[[491.0,491.0],[492.0,496.0],[497.0,505.0]],"macrolide_derivatives":[[492.0,492.0],[877.0,877.0],[1099.0,1099.0],[1100.0,1103.0]]},"abx_order":["aminoglycosides","carbapenems","cephalosporins","glycopeptide_antibiotics","glycylcyclines","macrolide_derivatives","metronidazole","oxazolidinone_antibiotics","penicillins","quinolones","sulfonamides","tetracyclines","aztreonam","leprostatics","lincomycin_derivatives"],"observed":[],"day_range":[-3.0,14.0]}