{"id":"FMT.0004","samples":[{"sample_id":"FMT.0004A","day":-13.0,"comp":[0.324473,0.0,0.0,0.0,0.00214326,0.0,0.00116177,0.000240365,0.00104158,0.0,0.0,0.000801218,0.00618941,0.0,0.070387,0.000220335,0.0,0.108144,0.0,0.0,0.000360548,0.00044067,0.0,0.000240365,0.0,0.0,0.0,0.0,0.0,0.000701066,0.0,0.00128195,0.0,0.0178672,0.000420639,0.000420639,0.00464706,0.000560852,8.01218e-05,0.000260396,0.0122586,0.0,0.0162848,0.0264402,0.00154234,0.0,0.00773175,0.0,0.0307467,0.0,0.00134204,0.000200304,0.0,0.0,0.0,0.0,0.00102155,0.0,0.0167655,0.0,0.0218732,0.0112771,0.019049,0.000180274,0.0,0.0,0.000400609,0.00264402,0.0,0.0,0.0100753,0.0,0.0,0.0136007,0.00134204,0.0,0.0,0.0,0.0,4.00609e-05,0.0,0.0210119,0.0,0.0,0.0,0.0,0.0192693,0.0167254,0.0,0.000220335,0.0145822,0.00610929,0.00246374,0.00755148,0.0,0.0140814,0.0,0.0,0.0163849,0.0349932,0.0,0.00198301,0.0,0.0,8.01218e-05,0.0,0.0173864,0.0344924,0.0,0.0,0.0,0.0,0.00104158,0.000380578,0.0,0.0161445,0.0,0.0246374,0.0,0.0,0.0,0.0,0.0,0.0,0.0135606,0.0,0.0,0.0,0.0,0.0,0.0,0.0,0.0,0.0,0.0,0.0]},{"sample_id":"FMT.0004B","day":22.0,"comp":[0.00400206,0.0,0.0,0.000144729,7.55106e-05,0.0,6.92181e-05,0.0,0.0,0.0,0.0,0.0,0.0,0.0,0.000176191,0.0,0.0,0.0,0.0,0.0,0.0,0.0,0.0,0.000440479,0.0,0.0,0.0,0.0,0.0,0.0,0.0,0.0,0.0,0.0,0.0,0.0,0.000138436,2.51702e-05,0.0,0.0,0.0,6.92181e-05,6.29255e-05,0.0,0.0,0.0,0.0,0.0,0.0,0.0,0.0,0.0,0.0,0.0,0.0,0.0,0.0,0.0,0.0,0.0,0.0,0.0,0.568664,6.29255e-05,0.0,0.0,0.0,0.0,0.0,0.0,0.0,0.0,0.0,0.0,0.0555381,0.0,0.0,0.0,0.000138436,0.0,0.0,0.0,0.0,0.0,0.0,0.0,0.00029575,0.0,0.0,0.0,0.0,0.0,0.0,0.0,0.0,0.0,0.0,9.43883e-05,9.43883e-05,0.0,0.0,0.0,0.0,0.0,0.00579544,0.0,0.36359,0.0,0.0,0.000289457,0.0,0.0,0.0,4.40479e-05,8.18032e-05,0.0,0.0,8.18032e-05,0.0,0.0,0.0,0.0,0.0,0.0,2.51702e-05,0.0,0.0,0.0,0.0,0.0,0.0,0.0,0.0,0.0,0.0,0.0]}],"schedule":{"quinolones":[[-45.0,-45.0],[-44.0,-41.0],[-40.0,-39.0],[-2.0,10.0],[32.0,32.0]],"sulfonamides":[[-40.0,-39.0],[-7.0,-2.0]],"glycopeptide_antibiotics":[[-2.0,23.0],[198.0,209.0]],"cephalosporins":[[10.0,11.0],[93.0,93.0],[197.0,198.0]],"carbapenems":[[11.0,23.0]],"aztreonam":[[74.0,76.0],[199.0,209.0]],"macrolide_derivatives":[[189.0,209.0]],"metronidazole":[[198.0,210.0]]},"abx_order":["aztreonam","carbapenems","cephalosporins","glycopeptide_antibiotics","macrolide_derivatives","metronidazole","quinolones","sulfonamides","aminoglycosides","glycylcyclines","leprostatics","lincomycin_derivatives","oxazolidinone_antibiotics","penicillins","tetracyclines"],"observed":[],"day_range":[-13.0,22.0]}