{"id":"FMT.0006","samples":[{"sample_id":"FMT.0006A","day":-7.0,"comp":[0.157776,0.0,0.0,0.000104993,0.000559962,0.0,0.072076,0.0,0.00101175,0.0,0.0,0.000451788,0.000690408,9.54481e-06,0.0290639,0.00461651,0.00202986,0.0975575,0.00127264,0.0,0.0,0.0,0.0,0.013805,0.00182624,0.0,0.0,3.81792e-05,0.0,0.0,0.0,0.0,0.0,0.0165602,0.000369066,2.22712e-05,0.0,0.0290989,0.0,0.000101811,0.0,0.0,0.137156,0.0,0.000454969,0.0,0.0011581,0.00459423,0.0521115,0.0,0.000108174,2.22712e-05,0.000722224,0.0,0.000572688,5.40872e-05,0.00531328,0.0,0.00157489,0.0019535,0.0247561,9.54481e-06,0.00102448,3.81792e-05,0.0,0.0,0.000999023,0.00163216,0.0,0.0,0.0,0.0,0.0,0.000865396,0.00932528,0.0,0.017397,2.54528e-05,0.0,1.90896e-05,3.81792e-05,0.0223508,0.0,0.0,0.0,0.0,0.000155899,0.0618822,6.04505e-05,0.0,0.0014349,0.0015049,0.00176897,0.0038211,0.0,7.31769e-05,0.0156185,0.00503011,0.0570875,0.0404191,0.0,0.000279981,0.0,0.0,0.000149535,0.0,0.00247847,0.00769312,0.00159716,8.59033e-05,0.000524964,0.0,7.31769e-05,0.00031816,1.90896e-05,0.00587006,0.0,0.012211,7.31769e-05,0.00735587,1.5908e-05,0.00179442,0.0,0.00175624,0.0555285,0.0,0.0,0.0,0.0,0.0,0.0,0.0,0.0,0.0,0.0,0.0]},{"sample_id":"FMT.0006B","day":-2.0,"comp":[0.119601,0.0,0.0,0.0,0.0,0.0,0.0310078,0.0,0.0,0.0,0.0,0.0,0.0,0.0,0.0,0.0,0.0,0.180509,0.0,0.0,0.00442968,0.0,0.0,0.0,0.0,0.0,0.0,0.0,0.0,0.0,0.0,0.0,0.0,0.00775194,0.0,0.0,0.0,0.0741971,0.0,0.0,0.0,0.0,0.0786268,0.0,0.0232558,0.0,0.0,0.0,0.0155039,0.0,0.0,0.0055371,0.0,0.0,0.0,0.0,0.0,0.0,0.0,0.0,0.0,0.0,0.0,0.0,0.0,0.0,0.0,0.0,0.0,0.0,0.0,0.0,0.0,0.0,0.0,0.0,0.0,0.0,0.0,0.0,0.0,0.0221484,0.0,0.0,0.0,0.0,0.0,0.0,0.0,0.0,0.0,0.0,0.0,0.0121816,0.0,0.0,0.0,0.221484,0.0,0.0110742,0.0,0.0,0.0,0.0,0.0,0.0,0.0,0.0376523,0.0498339,0.0,0.0,0.0,0.0,0.0,0.0,0.0177187,0.0,0.0598007,0.0,0.0,0.0,0.0,0.0,0.0,0.0276855,0.0,0.0,0.0,0.0,0.0,0.0,0.0,0.0,0.0,0.0,0.0]}],"schedule":{"sulfonamides":[[-7.0,-4.0]],"quinolones":[[-3.0,-3.0]],"glycopeptide_antibiotics":[[-3.0,-3.0],[0.0,0.0],[1.0,1.0],[3.0,3.0],[4.0,4.0],[5.0,5.0],[6.0,6.0]],"penicillins":[[-3.0,-1.0],[1.0,3.0],[4.0,6.0]],"cephalosporins":[[-1.0,-1.0],[0.0,0.0],[1.0,1.0]],"carbapenems":[[6.0,7.0]]},"abx_order":["carbapenems","cephalosporins","glycopeptide_antibiotics","penicillins","quinolones","sulfonamides","aminoglycosides","aztreonam","glycylcyclines","leprostatics","lincomycin_derivatives","macrolide_derivatives","metronidazole","oxazolidinone_antibiotics","tetracyclines"],"observed":[],"day_range":[-7.0,-2.0]}