{"id":"FMT.0188","samples":[{"sample_id":"FMT.0188A","day":-98.0,"comp":[0.207805,0.0,0.0,0.00514224,0.00170026,0.0,0.0753089,0.0,0.0,0.0,0.0,0.000124409,0.0,0.0,0.00626192,0.189143,0.0,0.080078,0.0060131,0.0,0.0,0.000165879,0.0,0.0077963,0.00734013,0.000248818,0.0128971,0.0,0.0,0.0,0.0,0.000539106,0.0,0.00746454,0.0,0.000331757,0.000704985,0.00700838,0.0,0.000539106,0.0,0.0,0.0994028,0.056067,0.00140997,0.0,0.0,0.0,0.0163805,0.0,0.0,0.0,0.0,0.0,0.000995272,0.0,0.013685,0.0,0.00572282,0.0,0.0,0.0,0.00203201,0.000373227,0.0,0.0,0.0,0.00120262,0.0,0.0,0.00132703,0.0,0.0,0.0,0.000165879,0.0,0.0,0.0,0.0,0.0,0.0,0.0023223,0.0,0.0,0.0,0.0,0.0168367,0.016422,0.000331757,0.0,0.0315584,0.0,0.0,0.0,0.00472754,0.0,0.00953803,0.0,0.0,0.0,0.0,0.0,0.0,0.0,0.0,0.0,0.0296094,0.00787924,0.00145144,0.014307,0.0,0.0,0.00128556,8.29394e-05,0.0,0.00572282,0.0,0.0374886,0.0,0.0,0.0,0.0,0.0,0.00327611,0.0017832,0.0,0.0,0.0,0.0,0.0,0.0,0.0,0.0,0.0,0.0,0.0]},{"sample_id":"FMT.0188C","day":25.0,"comp":[0.126271,0.0,0.0,0.0,0.000910925,0.0,0.00316655,0.000260264,0.0458499,0.0,4.33774e-05,0.000130132,0.00993342,0.000108443,0.0700111,0.228035,0.0,0.0730258,0.000694038,0.0,0.00101937,0.000889236,0.0,0.0408615,0.00208211,0.00177847,0.000780793,0.0,0.0,0.0,0.0,0.0160713,0.0,0.000130132,0.000108443,0.0024942,0.000889236,0.0235105,0.0,0.0,0.0,0.0,0.0,4.33774e-05,0.000390396,0.0,0.00941289,0.000173509,0.000195198,0.0,0.000281953,0.0,0.0,0.0,0.000368708,0.000216887,0.00355694,0.0,0.010519,0.0,0.0,0.0,0.0124276,0.000520528,0.0,4.33774e-05,0.0,0.0116251,0.0,0.0,0.00685362,0.000455462,0.0,0.0156809,0.00949964,0.0,0.0,8.67547e-05,0.0,0.0,0.0,0.0188258,0.0,0.0,0.0,0.0,0.022708,0.000563906,0.000910925,0.000108443,0.012471,0.00720064,0.0,0.0,0.0084369,0.000477151,0.00752597,0.0,0.0,0.017069,0.000130132,0.00687531,0.0,0.0,0.000173509,0.0,0.00999848,0.000281953,0.0261999,0.00145314,0.0101503,0.0,0.0274579,0.000151821,0.000216887,0.0125794,0.0,0.00457631,0.000151821,0.000216887,0.0,0.0,0.0,0.012818,0.0588631,0.0,0.0,0.0,0.0,0.0,0.0,0.0,0.0,0.0,0.0,0.0]}],"schedule":{"sulfonamides":[[-290.0,-290.0],[-269.0,-269.0],[-248.0,-248.0]],"glycopeptide_antibiotics":[[-2.0,-1.0]],"quinolones":[[-2.0,13.0]],"cephalosporins":[[8.0,8.0]]},"abx_order":["cephalosporins","glycopeptide_antibiotics","quinolones","sulfonamides","aminoglycosides","aztreonam","carbapenems","glycylcyclines","leprostatics","lincomycin_derivatives","macrolide_derivatives","metronidazole","oxazolidinone_antibiotics","penicillins","tetracyclines"],"observed":[],"day_range":[-98.0,25.0]}