{"id":"FMT.0210","samples":[{"sample_id":"FMT.0210A","day":4.0,"comp":[0.0475472,0.000227033,0.0,0.0,0.0654829,0.0,0.0,4.865e-05,0.0,0.0,0.0,0.0,0.0001946,0.00240006,0.00801103,0.0027244,0.0,0.000324333,0.0,0.0,0.0,0.0,0.0,0.0,0.0,0.0,0.0,0.0,0.0,0.0,0.0,0.0,0.0,0.0,0.0,0.0,0.00337306,0.0,0.0,0.0,0.0,0.0,0.0,0.0,0.0,0.0,0.0001946,0.0,0.0,0.0,0.0,0.0021406,0.0,0.0,0.0,0.0,0.0,0.0,0.0,0.0,0.0,0.0,0.00536771,0.0,0.0,0.0,0.0,0.0,0.00141085,0.0,0.0,0.0,0.0,0.0,0.000567583,0.0,0.0,0.000113517,0.0,0.0,0.0,0.0,0.0,0.0,0.0,0.0,0.0,0.0,0.00377848,0.0,0.0,0.0,0.0,0.0,0.0,0.0,0.0,0.0,0.0,0.0,0.0016541,0.0,0.0,0.000308116,0.0,0.0,0.0789589,0.0,0.0,0.0,0.0,0.0,0.380232,0.00471905,0.0,0.00014595,0.0,0.0,0.390075,0.0,0.0,0.0,0.0,0.0,0.0,0.0,0.0,0.0,0.0,0.0,0.0,0.0,0.0,0.0,0.0,0.0]},{"sample_id":"FMT.0210B","day":16.0,"comp":[0.0891876,0.0,0.000428599,0.0,0.00225989,0.0,0.00179232,0.0012858,0.0,0.0,0.0,0.0,0.0112605,0.0,0.000857199,0.00210403,0.0,0.0382233,0.0,0.0,0.0,0.00116891,0.0,0.0150789,0.000701344,0.109371,0.00401325,0.0,0.000818235,0.0,0.0,0.0,0.0,0.00514319,0.0,0.0,0.0857588,0.0071693,0.0,0.0112215,0.000506526,0.0,0.000857199,0.00451977,0.000662381,0.0,0.0100526,0.0,0.00202611,0.0,0.0,0.0,0.0,0.0,0.0,0.00151958,0.0,0.0,0.012819,0.0,0.0,0.0,0.0719267,0.00225989,0.0,0.0,0.0,0.0,0.0,0.0,0.0,0.0,0.0,0.00327294,0.000155854,0.0,0.0,0.0,0.0,0.0,0.0,0.0,0.0,0.0,0.0,0.0,0.00112994,0.000194818,0.0,0.0,0.0303916,0.0177674,0.00120787,0.00101305,0.00218196,0.0,0.00249367,0.00112994,0.0,0.0421586,0.000428599,0.0311709,0.0,0.0,0.000428599,0.0,0.242314,0.00397428,0.00237678,0.00148062,0.0,0.0,0.00350672,0.000311709,0.00112994,0.0809663,0.0,0.00401325,0.0,0.0017144,0.0,0.000116891,0.0,0.000623417,0.0273524,0.0,0.0,0.0,0.0,0.0,0.0,0.0,0.0,0.0,0.0,0.0]}],"schedule":{"glycopeptide_antibiotics":[[-2.0,-1.0],[0.0,8.0],[9.0,29.0]],"quinolones":[[-2.0,9.0]],"cephalosporins":[[9.0,12.0],[23.0,29.0]],"metronidazole":[[9.0,12.0],[23.0,29.0]],"carbapenems":[[12.0,23.0]]},"abx_order":["carbapenems","cephalosporins","glycopeptide_antibiotics","metronidazole","quinolones","aminoglycosides","aztreonam","glycylcyclines","leprostatics","lincomycin_derivatives","macrolide_derivatives","oxazolidinone_antibiotics","penicillins","sulfonamides","tetracyclines"],"observed":[],"day_range":[4.0,16.0]}