{"id":"1021","samples":[{"sample_id":"1021A","day":-3.0,"comp":[0.0728865,0.0,0.0,0.0,0.000221251,0.00038719,0.00142233,0.000600539,0.00410895,0.0,3.16073e-05,0.000150135,0.0161592,0.0,0.0371623,0.000292368,0.000150135,0.0636413,0.000142233,4.7411e-05,0.000466208,0.00240216,0.0,0.00357163,3.95091e-05,0.0105331,0.000150135,0.0,0.0,0.000118527,0.0,0.000237055,0.0,0.00720647,0.00038719,0.00485172,0.000331877,0.00159617,0.000102724,0.000110626,0.00608441,0.0,0.00376127,0.00409315,0.00409315,0.0,0.000316073,0.000339779,0.0119555,0.0,0.000158037,0.0,0.0,0.000284466,0.000529422,0.000521521,0.000284466,0.0,0.00152505,0.000711164,0.0,0.000711164,0.119926,5.53128e-05,0.000292368,0.0,7.11164e-05,0.00470949,0.000798085,0.0,0.000853397,0.00289207,0.0,7.11164e-05,0.00941108,0.0,5.53128e-05,1.58037e-05,0.000482011,0.0,0.0,0.00195175,0.0,0.0,0.0,0.0,0.00149345,0.00423538,0.000355582,0.0,0.0142075,0.0,0.00428279,0.0119792,0.0103277,0.00400623,0.00166729,0.0,0.0,0.3226,7.90183e-05,0.00447243,0.0,0.0,0.000181742,0.0,0.0841308,0.0336618,0.000102724,0.0038719,0.0,0.000971925,0.00151715,4.7411e-05,0.0,0.00529422,0.000742772,0.04218,0.000276564,0.000134331,8.69201e-05,0.00120108,0.000442502,0.00746723,0.0315204,0.0,0.0,0.0,0.0,0.0,0.0,0.0,0.0,0.0,0.0,0.0]},{"sample_id":"1021C","day":11.0,"comp":[0.0281329,0.0,0.0,0.0,0.00102666,0.0,0.0,5.00808e-05,0.000851373,0.0,0.0,0.0,0.0,0.000162762,0.00408158,0.0,0.0,0.000112682,0.0,0.0,0.0,0.0,0.0,3.75606e-05,0.0,0.143782,0.0,0.0,0.0,0.00778756,0.0,0.0,0.0,0.0,0.0,0.0,0.000125202,0.00775,0.0,0.584317,0.000338045,0.0,0.0,0.0,0.00569669,0.0,0.000575929,0.0,0.0,0.0,0.000162762,0.00128958,0.0,0.0,0.0,0.0,0.0,0.0,0.00187803,0.0,0.0,0.0,0.00140226,2.50404e-05,0.0,2.50404e-05,0.0,0.0,0.0051458,0.0,0.0,3.75606e-05,0.0,8.76413e-05,0.00419426,0.000100162,0.0,0.0,0.0,0.0,0.0,0.00160258,0.0,0.0,0.0,0.0,0.0,5.00808e-05,0.0,0.0,0.0266179,0.0,0.0,0.000225363,0.0,0.0,0.0,0.0,0.0,0.0,0.000275444,0.0,0.0,0.0,0.0,0.0,0.00410662,0.0,0.0,0.000275444,0.000200323,0.0,0.0452354,3.75606e-05,0.0,0.0636526,0.000125202,0.0,0.0,0.0,0.0,0.0,0.0,0.0338296,0.0245897,0.0,0.0,0.0,0.0,0.0,0.0,0.0,0.0,0.0,0.0,0.0]}],"schedule":{"glycopeptide_antibiotics":[[-2.0,19.0]],"quinolones":[[-2.0,9.0],[10.0,19.0]]},"abx_order":["glycopeptide_antibiotics","quinolones","aminoglycosides","aztreonam","carbapenems","cephalosporins","glycylcyclines","leprostatics","lincomycin_derivatives","macrolide_derivatives","metronidazole","oxazolidinone_antibiotics","penicillins","sulfonamides","tetracyclines"],"observed":[],"day_range":[-3.0,11.0]}