{"id":"1050","samples":[{"sample_id":"1050A","day":-5.0,"comp":[0.0819296,0.0,0.0,0.0711754,0.000430166,0.000198013,0.0413301,0.00667099,0.0172476,0.0,0.000232153,0.0,0.00193916,0.0,0.166905,0.000307262,0.0,0.0636919,0.00262879,6.82804e-05,0.0,0.0,0.0,0.0,2.04841e-05,0.0187566,0.00617937,0.0,0.0,0.0,0.0,0.00500495,0.0,0.00855553,0.000744256,0.00436994,0.000122905,0.00203475,6.82804e-05,0.000245809,0.0,0.0,0.0450172,6.82804e-05,0.000525759,0.000198013,0.00161824,3.41402e-05,0.0033116,0.0,0.000204841,0.0,0.0,0.00041651,0.000751084,0.00132464,8.87645e-05,0.0,0.00673244,0.0,0.00215083,0.000129733,0.000723772,5.46243e-05,0.0,0.0,2.04841e-05,0.000150217,0.0,8.87645e-05,0.000218497,0.00163873,0.0,0.0022396,0.0236045,0.0,2.73121e-05,0.0,0.000273121,8.19364e-05,0.0,0.0181557,0.0,0.0,0.0,0.0,0.0,0.021918,0.0,0.000109249,0.0097163,0.00178212,0.000177529,0.00083302,0.000102421,0.000170701,0.00578335,0.0,0.00124953,0.276494,0.0,0.00903349,0.0,8.19364e-05,0.000163873,0.0,0.000594039,0.0137995,0.0,0.0,0.0,0.000498447,0.00131098,4.77963e-05,0.000116077,0.00498447,0.000286778,0.0120037,0.0,0.00069646,0.0,0.000191185,0.000116077,0.000232153,0.0268,0.0,0.0,0.0,0.0,0.0,0.0,0.0,0.0,0.0,0.0,0.0]},{"sample_id":"1050E","day":350.0,"comp":[0.405472,0.0,0.0,0.00226429,0.000863699,0.0,0.0436518,0.00212423,0.00618595,0.000280119,0.000350148,0.0,0.0221294,0.0,0.0133757,0.0383762,4.66864e-05,0.0581713,0.00186746,0.00870702,0.0,0.00249772,0.0,0.00452858,0.0,0.0,0.0,0.0,0.0,0.0,0.0,0.00298793,0.0,0.0,0.000326805,0.000490208,0.000560237,0.000933729,0.0,0.00513551,9.33729e-05,0.0,0.00116716,0.000793669,0.00221761,0.0,0.00072364,0.000256775,0.0286655,0.0,0.0,0.0,0.0,9.33729e-05,0.00301127,0.000490208,0.00651276,0.0,0.00508882,0.0,0.0,0.0,0.095217,0.0,0.0,0.0,0.0,0.0,0.0,0.0,0.000466864,0.000116716,0.0,0.000513551,0.00163403,0.0,0.00191414,0.0,0.0,0.0,0.0,0.000466864,0.0,0.0,0.0,0.0,0.00690959,0.0018908,0.000560237,0.0,0.00240435,0.000280119,0.000770326,0.00123719,0.0,0.0,0.00177408,0.0,0.0,0.000630267,9.33729e-05,0.00508882,0.0,0.000630267,0.0,0.0,0.0862765,0.00254441,0.0,0.0,0.0,0.00555569,0.00366488,0.0,0.000256775,0.00396835,0.000746983,0.0409207,0.0,0.0415976,0.000210089,0.0,0.0,0.019725,0.00149397,0.0,0.0,0.0,0.0,0.0,0.0,0.0,0.0,0.0,0.0,0.0]}],"schedule":{"quinolones":[[-144.0,-141.0],[-6.0,11.0]],"penicillins":[[-129.0,-126.0]],"macrolide_derivatives":[[-129.0,-126.0]],"cephalosporins":[[-6.0,-6.0]],"glycopeptide_antibiotics":[[-6.0,10.0]]},"abx_order":["cephalosporins","glycopeptide_antibiotics","macrolide_derivatives","penicillins","quinolones","aminoglycosides","aztreonam","carbapenems","glycylcyclines","leprostatics","lincomycin_derivatives","metronidazole","oxazolidinone_antibiotics","sulfonamides","tetracyclines"],"observed":[],"day_range":[-5.0,350.0]}