{"id":"125","samples":[{"sample_id":"125B","day":-2.0,"comp":[0.0600039,0.0,0.0,0.0,0.00221879,0.0,0.0,0.0,0.0,0.0,0.0,0.00212232,0.0,0.0,0.0,0.0249855,0.0,0.0607756,0.0,0.0,0.0,0.0,0.0,0.00106116,0.0,0.00511287,0.0,0.0,0.0,0.0,0.0,0.0,0.0,0.0,0.00771754,0.0,0.00212232,0.133706,0.000675285,0.0,0.0,0.0,0.000771754,0.470095,0.0,0.0,0.0,0.0,0.0,0.0,0.0,0.0,0.0,0.0,0.0,0.0,0.00385877,0.0,0.00800695,0.0,0.0,0.0,0.00221879,0.0,0.0,0.0,0.0,0.0,0.0,0.0,0.0,0.0,0.0,0.0,0.0,0.0,0.0,0.0183292,0.0,0.0,0.0,0.0,0.0,0.0,0.0,0.0,0.0,0.0,0.0,0.0,0.00781401,0.0,0.0,0.0,0.0,0.0,0.000578815,0.0215126,0.0,0.00916458,0.0,0.0266255,0.0,0.0,0.000482346,0.0,0.00684932,0.0,0.0,0.0,0.0,0.0,0.00540228,0.0,0.0,0.0732201,0.0,0.00192938,0.0,0.0,0.0,0.0,0.0,0.0152421,0.0273973,0.0,0.0,0.0,0.0,0.0,0.0,0.0,0.0,0.0,0.0,0.0]},{"sample_id":"125A","day":4.0,"comp":[0.0972549,0.02,0.0,0.0,0.178431,0.0,0.0,0.0,0.0,0.0,0.0,0.0,0.0,0.0,0.0,0.00392157,0.0,0.0,0.0,0.0,0.0,0.0,0.0,0.0,0.0,0.0,0.0,0.0,0.0117647,0.0,0.0,0.0,0.0,0.0,0.0,0.0,0.0164706,0.00196078,0.0,0.0,0.0,0.0,0.0,0.0,0.0,0.0,0.0,0.0,0.0,0.0,0.0,0.0133333,0.0,0.0,0.0,0.0,0.0,0.0,0.0,0.0,0.0,0.0,0.453333,0.0,0.0,0.0,0.0,0.0,0.0,0.0,0.0,0.0,0.0,0.0,0.0,0.0,0.0,0.00627451,0.0,0.0,0.0,0.0,0.0,0.0,0.0,0.0,0.0,0.0,0.0164706,0.0,0.0,0.0,0.0,0.0,0.0,0.0,0.0,0.0,0.0,0.0,0.0,0.0,0.0,0.0,0.00588235,0.0,0.174902,0.0,0.0,0.0,0.0,0.0,0.0,0.0,0.0,0.0,0.0,0.0,0.0,0.0,0.0,0.0,0.0,0.0,0.0,0.0,0.0,0.0,0.0,0.0,0.0,0.0,0.0,0.0,0.0,0.0]}],"schedule":{"penicillins":[[-437.0,-437.0],[-436.0,-431.0],[-105.0,-102.0],[-88.0,-83.0],[3.0,3.0],[4.0,9.0]],"quinolones":[[-436.0,-418.0]],"glycopeptide_antibiotics":[[-432.0,-418.0],[-103.0,-103.0],[-102.0,-102.0],[-88.0,-88.0],[-87.0,-87.0],[-2.0,3.0],[6.0,6.0],[7.0,7.0],[8.0,8.0]],"carbapenems":[[-431.0,-418.0],[9.0,9.0]],"sulfonamides":[[-423.0,-422.0],[-163.0,-163.0],[-100.0,-100.0],[-98.0,-98.0],[-88.0,-86.0],[-46.0,-46.0],[-45.0,-45.0],[-44.0,-44.0],[-11.0,-3.0]],"metronidazole":[[-2.0,3.0],[4.0,9.0]],"aminoglycosides":[[9.0,9.0]],"oxazolidinone_antibiotics":[[9.0,9.0]]},"abx_order":["aminoglycosides","carbapenems","glycopeptide_antibiotics","metronidazole","oxazolidinone_antibiotics","penicillins","quinolones","sulfonamides","aztreonam","cephalosporins","glycylcyclines","leprostatics","lincomycin_derivatives","macrolide_derivatives","tetracyclines"],"observed":[],"day_range":[-2.0,4.0]}