{"id":"1333","samples":[{"sample_id":"1333A","day":-8.0,"comp":[0.116421,0.0,0.0,0.0,0.000767329,0.0,0.0,0.0,0.0,0.0,0.000767329,0.0,0.0401995,0.0,0.00443346,0.157984,0.0,0.128187,0.00353824,0.0,0.000767329,0.0,0.0,0.00196095,0.0,0.00443346,0.00882428,0.0,0.0,0.0,0.0,0.000639441,0.0,0.0,0.00157729,0.00106573,0.014153,0.018629,0.0,0.0301816,0.00179043,0.0,0.0308637,0.0,0.000852588,0.000255776,0.0,0.0,0.0160286,0.0,0.0,0.0,0.0,0.0,0.00110836,0.0,0.00993265,0.0,0.0053713,0.0,0.0,0.0,0.000127888,0.0,0.0,0.0,0.0,0.00741751,0.0,0.0,0.0,0.0,0.0,0.000341035,0.000341035,0.0,0.0,0.0,0.0,0.000213147,0.0,0.000213147,0.0,0.0,0.0,0.0,0.00225936,0.0108705,0.0,0.0,0.00140677,0.0,0.0,0.0,0.0,0.0,0.0250661,0.0,0.00277091,0.269162,0.0,0.00588285,0.0,0.0,0.0,0.0,0.00311194,0.000213147,0.0279649,0.000895217,0.0,0.0,0.00136414,0.0,0.000383664,0.0115099,0.0,0.0021741,0.0,0.0224657,0.0,0.000298406,0.0,0.00204621,0.000767329,0.0,0.0,0.0,0.0,0.0,0.0,0.0,0.0,0.0,0.0,0.0]},{"sample_id":"1333B","day":287.0,"comp":[0.17719,0.0,0.0,0.0,0.0,0.0,0.106884,0.0,0.0,0.0,0.0,0.0,0.0191059,0.0,0.00104747,0.0558931,0.0,0.122764,0.00653622,0.0,0.0,0.0,0.0,0.0,0.0,0.0,0.0,0.0,0.0,0.0,0.0,0.0,0.0,0.007458,0.00146646,0.0,0.0,0.0535048,0.0,0.00305862,0.0,0.0,0.00917585,0.00331001,0.000712281,0.0,0.0,0.0,0.0364939,0.0,0.0,0.0,0.0,0.0,0.0,0.0,0.0,0.0,0.00297482,0.0,0.024427,0.0,0.000167595,0.0,0.0,0.0,0.0,0.0,0.0,0.0,0.0,0.0,0.0,0.0,0.000670382,0.0,0.0,0.0,0.0,0.0,0.0,0.0,0.0,0.0,0.0,0.0,0.0,0.0,0.0,0.0,0.000335191,0.0,0.0,0.0,0.00293292,0.0,0.0336867,0.000754179,0.0,0.246994,0.0,0.000335191,0.0,0.0,0.0,0.0,0.00263963,0.0435329,0.0,0.0,0.0,0.0,0.000460887,0.0,0.0,0.00222064,0.0,0.0130724,0.0,0.0166757,0.0,0.0,0.0,0.0035195,0.0,0.0,0.0,0.0,0.0,0.0,0.0,0.0,0.0,0.0,0.0,0.0]}],"schedule":{"sulfonamides":[[-9.0,-2.0]],"glycopeptide_antibiotics":[[-2.0,8.0]],"quinolones":[[-2.0,12.0]]},"abx_order":["glycopeptide_antibiotics","quinolones","sulfonamides","aminoglycosides","aztreonam","carbapenems","cephalosporins","glycylcyclines","leprostatics","lincomycin_derivatives","macrolide_derivatives","metronidazole","oxazolidinone_antibiotics","penicillins","tetracyclines"],"observed":[],"day_range":[-8.0,287.0]}