{"id":"1352","samples":[{"sample_id":"1352A","day":10.0,"comp":[0.0149239,0.0,0.0,0.0,0.00782154,0.0,0.0,0.0,0.0,0.0,0.0,0.0,0.0,0.00840591,0.0,7.86649e-05,0.0,0.000303422,0.0,0.0,0.0,0.0,8.99028e-05,0.0,0.0,0.0,0.0,0.0,0.0,0.0,0.0,0.0,0.0,0.0,0.0,0.0,0.942282,4.49514e-05,0.0,0.000168568,0.000112378,0.0,0.0,0.0,0.0,0.0,0.000955217,0.0,0.0,0.0,0.0,4.49514e-05,0.0,0.0,0.0,0.0,0.0,0.0,0.00165196,0.0,0.0,0.0,0.000775412,0.0,0.0,0.000123616,0.0,0.0,0.0,0.000202281,0.0,0.0,0.0,0.0,0.0,0.0,0.0,0.000258471,0.0,0.0,0.000101141,0.0,0.0,0.000134854,0.0,4.49514e-05,0.0,0.0,0.00283194,0.0,0.0,0.0,0.0,0.0,0.0,0.0,0.0,0.0,0.0,0.0,0.000618082,0.000134854,0.0,0.000168568,0.00230376,0.0,0.00177558,0.0,0.0,0.0,0.0,0.0,0.0,0.000809125,0.0,4.49514e-05,0.0,0.0,0.0,0.0,0.0,0.0,0.0127887,0.0,0.0,0.0,0.0,0.0,0.0,0.0,0.0,0.0,0.0,0.0,0.0,0.0]},{"sample_id":"1352B","day":15.0,"comp":[0.00610111,0.0,0.0,0.0,0.00233781,0.0,0.0,4.56158e-05,0.0,0.0,0.0,0.0,0.0,0.00153953,0.0,0.0,0.0,0.0130689,0.0,0.0,0.0,0.0,0.0369031,0.0,0.0,0.0,0.0,0.0,0.0,0.0,0.0,0.0,0.0,0.0,0.0,0.0,0.124554,3.42118e-05,0.0,0.000148251,9.12315e-05,0.0,0.0,0.0,0.0,0.0,0.269452,0.0,0.0,0.000250887,0.0,0.0,0.0,0.0,0.0,0.0,0.0,0.0,0.398077,0.0,0.0,0.0,0.02315,0.0,0.0,0.0,0.0,0.0,0.0,0.000307906,0.0,0.0,0.0,0.0,0.0,0.0,0.0,6.84236e-05,0.0,0.0,0.0,0.0,0.0,0.0,0.0,0.0,0.0,0.0,5.70197e-05,0.0,0.0,0.0,0.0,0.0,0.0,0.0,0.0,2.28079e-05,0.0,9.12315e-05,0.000193867,0.000228079,0.0,0.0,0.010332,0.0,0.000501773,0.0,0.0,0.0,0.0,0.0,0.0,0.000832488,0.0,0.0294906,0.0,0.0,0.0,0.0,0.0,0.0,0.0821198,0.0,0.0,0.0,0.0,0.0,0.0,0.0,0.0,0.0,0.0,0.0,0.0,0.0]},{"sample_id":"1352C","day":51.0,"comp":[0.0192214,0.0,0.0,0.0,0.0193685,0.0,0.0,9.19244e-05,0.0,0.0,0.0,0.0,0.0,0.00169141,0.0,9.19244e-05,0.0,0.0649906,0.0,0.0,0.0,0.0,0.0159581,0.00495473,0.0,0.0,0.0,0.0,3.67698e-05,5.51547e-05,0.0,0.0,0.0,0.0,1.83849e-05,0.0,0.67502,0.000726203,0.0,0.00037689,0.0,0.0,0.0,1.83849e-05,0.0,0.000137887,0.000367698,0.0,0.0,0.0,0.0,0.0,0.0,0.0,0.0,0.0,0.0,0.0,0.00612217,0.0,0.0,0.0,0.0430666,0.00394356,0.0,0.0,7.35396e-05,0.0,0.0,0.0,0.0,0.0,0.0,0.0,0.0,0.0,0.0,0.000652664,0.0,0.0,6.43471e-05,0.0,0.0,0.0,0.0,0.0,0.0,0.0,5.51547e-05,0.0,0.0,0.0,0.0,0.0,0.0,0.0,0.0,0.0,0.0,0.0,0.00223376,9.19244e-05,0.0,0.0,0.0319162,0.0,0.0979271,0.0,0.0,0.000910052,0.0,0.0,0.0,0.000845705,0.0,0.00897183,0.0,0.0,0.0,0.0,0.0,0.0,0.0,0.0,0.0,0.0,0.0,0.0,0.0,0.0,0.0,0.0,0.0,0.0,0.0,0.0]}],"schedule":{"macrolide_derivatives":[[-98.0,-98.0]],"penicillins":[[-98.0,-81.0],[16.0,18.0],[43.0,50.0],[58.0,65.0]],"glycopeptide_antibiotics":[[-98.0,-92.0],[-86.0,-82.0],[-81.0,-61.0],[-5.0,6.0],[17.0,17.0],[18.0,18.0],[19.0,19.0],[20.0,20.0],[22.0,22.0],[43.0,43.0],[45.0,45.0],[48.0,48.0],[58.0,58.0],[70.0,70.0],[71.0,71.0],[73.0,73.0]],"tetracyclines":[[-98.0,-93.0]],"sulfonamides":[[-97.0,-97.0]],"carbapenems":[[-81.0,-61.0],[70.0,70.0],[72.0,76.0],[77.0,77.0]],"quinolones":[[-5.0,9.0],[10.0,16.0],[66.0,69.0]],"cephalosporins":[[18.0,22.0],[23.0,30.0]]},"abx_order":["carbapenems","cephalosporins","glycopeptide_antibiotics","macrolide_derivatives","penicillins","quinolones","sulfonamides","tetracyclines","aminoglycosides","aztreonam","glycylcyclines","leprostatics","lincomycin_derivatives","metronidazole","oxazolidinone_antibiotics"],"observed":[],"day_range":[10.0,51.0]}