{"id":"151","samples":[{"sample_id":"151A","day":167.0,"comp":[0.0631243,0.0,0.0,0.0,0.0,0.0,0.0,0.0159808,0.0019976,0.0,0.0,0.0,0.00639233,0.0,0.319217,0.0151818,0.00559329,0.029964,0.0,0.0,0.0,0.00878945,0.0,0.0,0.0,0.0,0.0,0.0,0.0,0.0,0.0,0.0,0.00479425,0.0,0.0,0.0,0.00279664,0.0,0.0,0.0,0.0,0.0,0.00519377,0.00159808,0.0,0.0,0.0,0.0,0.0,0.0,0.0,0.0,0.0,0.0,0.00279664,0.0,0.0,0.0,0.0215741,0.0,0.0,0.0,0.109469,0.0,0.0,0.0,0.0,0.0,0.0819017,0.0,0.0,0.00319616,0.0,0.029964,0.0,0.0,0.0,0.0,0.0,0.0,0.0,0.0,0.0,0.0,0.0,0.0,0.0,0.0,0.0,0.0,0.00599281,0.00799041,0.0,0.0431482,0.0,0.0,0.0,0.0,0.0,0.0,0.0,0.00399521,0.0,0.0,0.0,0.0,0.0151818,0.0139832,0.0,0.0,0.0163803,0.0,0.0,0.0,0.0,0.0263684,0.0,0.0,0.00359569,0.0,0.0,0.0,0.0,0.0,0.133839,0.0,0.0,0.0,0.0,0.0,0.0,0.0,0.0,0.0,0.0,0.0]},{"sample_id":"151B","day":180.0,"comp":[0.0117524,0.0,0.0,0.0,0.00432522,0.0,0.0,0.0,0.0,0.0,0.0,0.0,0.00458736,0.0,0.0,0.000262135,0.0,0.117043,0.0,0.0,0.0,0.0,0.271965,0.0040194,0.0,0.0,0.0,0.0,0.0,0.0,0.0,0.0,0.0,0.0,0.0,0.0,0.0326795,0.0,0.0,0.0,0.0,0.0,0.0,0.0,0.0,0.0,0.0,0.0,0.0,0.0,0.0,0.0,0.0,0.0,0.0,0.0,0.0,0.0,0.0,0.0,0.0,0.0,0.105771,0.0,0.0,0.0,0.0,0.0,0.0,0.0,0.0,0.0,0.0,0.0,0.0,0.0,0.0,0.0,0.0,0.0,0.0,0.0,0.0,0.0,0.0,0.0,0.0,0.0,0.0,0.00244659,0.0,0.0,0.0,0.0,0.0,0.0,0.0,0.0,0.0,0.0,0.0,0.0,0.0,0.0,0.00192232,0.0,0.0183057,0.0,0.287999,0.0,0.0,0.136135,0.0,0.0,0.0,0.000786404,0.0,0.0,0.0,0.0,0.0,0.0,0.0,0.0,0.0,0.0,0.0,0.0,0.0,0.0,0.0,0.0,0.0,0.0,0.0,0.0]}],"schedule":{"quinolones":[[-739.0,-737.0],[-736.0,-726.0],[169.0,170.0]],"sulfonamides":[[-739.0,-729.0],[-6.0,-2.0],[953.0,956.0],[957.0,959.0],[960.0,960.0],[963.0,963.0],[965.0,965.0],[967.0,967.0],[970.0,970.0],[2036.0,2036.0]],"cephalosporins":[[-725.0,-717.0],[957.0,958.0],[1109.0,1109.0]],"glycopeptide_antibiotics":[[-723.0,-723.0],[-722.0,-715.0],[-714.0,-714.0],[166.0,167.0],[180.0,181.0]],"metronidazole":[[-713.0,-711.0],[169.0,170.0],[180.0,180.0]],"penicillins":[[166.0,168.0],[1110.0,1114.0]],"carbapenems":[[1090.0,1091.0],[1092.0,1092.0]],"macrolide_derivatives":[[1109.0,1113.0],[2035.0,2036.0]],"oxazolidinone_antibiotics":[[1110.0,1110.0],[1111.0,1113.0]]},"abx_order":["carbapenems","cephalosporins","glycopeptide_antibiotics","macrolide_derivatives","metronidazole","oxazolidinone_antibiotics","penicillins","quinolones","sulfonamides","aminoglycosides","aztreonam","glycylcyclines","leprostatics","lincomycin_derivatives","tetracyclines"],"observed":[],"day_range":[167.0,180.0]}