{"id":"158","samples":[{"sample_id":"158A","day":-2.0,"comp":[0.0497312,0.0,0.0,0.0,0.00188172,0.0,0.0,0.0,0.0,0.0,0.0,0.0,0.0,0.0,0.00698925,0.0,0.0,0.0989247,0.0,0.0,0.0,0.0,0.00913978,0.0,0.0,0.0,0.0,0.0,0.0,0.0,0.0,0.0,0.0,0.0,0.0,0.0,0.441935,0.0290323,0.0,0.0,0.0,0.0,0.00537634,0.0,0.0,0.00268817,0.0,0.0,0.0,0.0,0.0,0.0,0.0,0.0,0.0,0.0284946,0.0,0.0,0.0655914,0.0,0.0,0.0,0.0206989,0.0,0.0,0.0,0.0,0.0,0.0,0.0,0.0,0.0,0.0,0.00188172,0.0,0.0,0.0,0.0,0.0,0.0,0.0,0.0,0.0,0.0,0.0,0.0,0.0,0.0,0.0,0.0,0.00430108,0.0,0.0,0.0,0.0,0.0112903,0.0,0.0,0.00268817,0.00241935,0.0,0.0,0.0,0.0,0.0134409,0.0,0.0,0.0,0.0370968,0.0,0.0,0.00430108,0.0,0.0142473,0.0,0.140323,0.0,0.00134409,0.0,0.0,0.0,0.0,0.0,0.0061828,0.0,0.0,0.0,0.0,0.0,0.0,0.0,0.0,0.0,0.0,0.0,0.0]},{"sample_id":"158C","day":18.0,"comp":[0.00254842,0.0,0.0,0.0,0.0,0.0,0.0,0.0,0.0,0.0,0.0,0.0,0.0,0.0,0.0,0.0,0.0,0.009684,0.0,0.0,0.0,0.0,0.0,0.00101937,0.0,0.0,0.0,0.0,0.0,0.0,0.0,0.0,0.0,0.0,0.0,0.0,0.961264,0.00254842,0.0,0.0,0.0,0.0,0.0,0.0,0.0,0.0,0.0,0.0,0.0,0.0,0.0,0.0,0.0,0.0,0.0,0.0,0.0,0.0,0.0,0.0,0.0,0.0,0.0,0.0,0.0,0.0,0.0,0.0,0.0,0.0,0.0,0.0,0.0,0.0,0.0,0.0,0.0,0.0,0.0,0.0,0.0,0.0,0.0,0.0,0.0,0.0,0.0,0.0,0.0,0.0,0.0,0.0,0.0,0.0,0.0,0.0,0.0,0.0,0.0,0.0,0.0,0.0,0.0,0.0,0.0,0.0,0.0198777,0.0,0.0,0.0,0.0,0.0,0.0,0.0,0.0,0.0030581,0.0,0.0,0.0,0.0,0.0,0.0,0.0,0.0,0.0,0.0,0.0,0.0,0.0,0.0,0.0,0.0,0.0,0.0,0.0,0.0]}],"schedule":{"sulfonamides":[[-144.0,-144.0],[-142.0,-142.0],[-140.0,-140.0],[-138.0,-138.0],[-135.0,-135.0],[-117.0,-117.0],[-114.0,-114.0],[-96.0,-96.0],[-82.0,-82.0],[-79.0,-79.0],[-54.0,-54.0],[-40.0,-40.0],[-29.0,-27.0],[-10.0,-3.0],[213.0,216.0]],"cephalosporins":[[-141.0,-135.0]],"macrolide_derivatives":[[-139.0,-139.0],[-138.0,-136.0],[491.0,491.0],[497.0,498.0],[548.0,548.0]],"penicillins":[[-29.0,-27.0],[-7.0,-6.0],[-4.0,8.0],[213.0,216.0],[490.0,490.0],[491.0,497.0],[556.0,558.0]],"quinolones":[[-10.0,-8.0],[490.0,490.0],[491.0,491.0],[497.0,497.0],[498.0,498.0],[549.0,549.0],[550.0,556.0]],"glycopeptide_antibiotics":[[2.0,6.0],[7.0,12.0],[213.0,215.0],[490.0,490.0],[491.0,492.0],[548.0,549.0],[550.0,551.0],[553.0,553.0]],"metronidazole":[[8.0,8.0]],"carbapenems":[[8.0,11.0]],"lincomycin_derivatives":[[548.0,553.0]]},"abx_order":["carbapenems","cephalosporins","glycopeptide_antibiotics","lincomycin_derivatives","macrolide_derivatives","metronidazole","penicillins","quinolones","sulfonamides","aminoglycosides","aztreonam","glycylcyclines","leprostatics","oxazolidinone_antibiotics","tetracyclines"],"observed":[],"day_range":[-2.0,18.0]}