{"id":"1759","samples":[{"sample_id":"1759A","day":-8.0,"comp":[0.00621248,0.0,0.0,0.0,0.000209881,0.0,0.0,0.0,0.0,0.0,0.0,0.0,0.0,0.0,0.0,0.0,0.0,4.19762e-05,0.0,0.0,0.0,0.0,0.0,0.0,0.0,0.0,0.0,0.0,0.0,0.0,0.0,0.0,0.0,0.0,0.0,0.0,0.990262,0.0,0.0,0.00100743,0.0,0.0,0.0,0.0,0.0,0.0,0.0,0.0,0.0,0.0,0.0,0.0,0.0,0.0,0.0,0.0,0.0,0.0,0.0,0.0,0.0,0.0,0.000545691,0.0,0.0,0.0,0.0,0.0,0.0,0.0,0.0,0.0,0.0,0.0,0.0,0.0,0.0,0.0,0.0,0.0,0.0,0.0,0.0,0.0,0.0,0.0,0.0,0.0,0.0,0.0,0.0,0.0,0.0,0.0,0.0,0.0,0.0,0.0,0.0,0.0,0.0,0.0,0.0,0.0,0.0,0.0,0.00138522,0.0,0.0,0.0,0.0,0.0,0.0,0.0,0.0,0.000125929,0.0,0.0,0.0,0.0,0.0,0.0,0.0,0.000209881,0.0,0.0,0.0,0.0,0.0,0.0,0.0,0.0,0.0,0.0,0.0,0.0]},{"sample_id":"1759D","day":6.0,"comp":[0.00611033,0.0,0.0,0.0,0.0179632,0.0,0.0,0.0,0.0,0.0,0.0,0.0,0.0,0.00463932,0.0,0.0,0.0,0.000141443,0.0,0.0,0.0,0.0,0.0,0.0,0.0,0.0,0.0,0.0,0.0,0.0,0.0,0.0,0.0,0.0,0.0,0.0,0.733239,0.0,0.0,0.000594059,0.0,0.0,0.0,0.0,0.0,0.0,8.48656e-05,0.0,0.0,0.0,0.0,0.00118812,0.0,0.0,0.0,0.0,0.0,0.0,0.0,0.0,0.0,0.0,0.0127016,0.0,0.0,0.0,0.0,0.0,0.00164074,0.0,0.0,0.0,0.0,0.0,0.0,0.0,0.0,0.0,0.0,0.0,0.0,0.0,0.0,0.00480905,0.0,0.0,0.0,0.0,0.00681754,0.0,0.0,0.0,0.0,0.0,0.0,0.0,0.0,0.0,0.0,0.0,0.00319661,0.0,0.0,0.0,0.000537482,0.0,0.0896747,0.0,0.0,0.0,0.0,0.0,0.0,0.116322,0.00019802,0.000141443,0.0,0.0,0.0,0.0,0.0,0.0,0.0,0.0,0.0,0.0,0.0,0.0,0.0,0.0,0.0,0.0,0.0,0.0,0.0,0.0]}],"schedule":{"sulfonamides":[[-562.0,-562.0],[-560.0,-560.0],[-557.0,-557.0],[-555.0,-555.0],[-553.0,-553.0],[-550.0,-550.0],[-548.0,-548.0],[-546.0,-546.0],[-543.0,-543.0],[-541.0,-541.0],[-539.0,-539.0],[-536.0,-536.0],[-501.0,-501.0],[-499.0,-499.0],[-497.0,-497.0],[-382.0,-382.0],[-380.0,-380.0],[-284.0,-284.0],[-282.0,-282.0],[-280.0,-280.0],[-277.0,-277.0],[-275.0,-275.0],[-88.0,-88.0],[-86.0,-86.0],[-84.0,-84.0],[-81.0,-81.0],[-79.0,-79.0],[-77.0,-77.0],[-74.0,-74.0],[-72.0,-72.0],[-70.0,-70.0],[-67.0,-67.0],[-65.0,-65.0],[-39.0,-39.0],[-37.0,-37.0],[-35.0,-35.0],[-32.0,-32.0],[-30.0,-30.0],[-28.0,-28.0],[-25.0,-25.0],[-23.0,-23.0],[-21.0,-21.0],[-18.0,-18.0],[-16.0,-16.0],[-14.0,-14.0],[-11.0,-11.0],[-9.0,-9.0],[-7.0,-7.0],[-4.0,-4.0],[-2.0,-2.0],[107.0,115.0],[121.0,127.0],[129.0,129.0],[133.0,133.0],[136.0,136.0],[138.0,138.0]],"penicillins":[[-537.0,-537.0],[-536.0,-535.0],[-503.0,-503.0],[-502.0,-497.0],[-383.0,-379.0],[-286.0,-286.0],[-285.0,-276.0],[-69.0,-66.0],[-31.0,-7.0],[8.0,26.0],[76.0,89.0],[91.0,95.0],[96.0,102.0]],"glycopeptide_antibiotics":[[-382.0,-379.0],[-283.0,-277.0],[-31.0,-28.0],[-2.0,7.0],[8.0,20.0],[76.0,76.0],[89.0,90.0],[97.0,98.0],[101.0,134.0]],"quinolones":[[-7.0,8.0],[115.0,118.0]],"carbapenems":[[89.0,91.0],[102.0,115.0]],"cephalosporins":[[91.0,95.0],[96.0,96.0],[97.0,98.0],[118.0,138.0]],"oxazolidinone_antibiotics":[[98.0,101.0]],"metronidazole":[[118.0,138.0]]},"abx_order":["carbapenems","cephalosporins","glycopeptide_antibiotics","metronidazole","oxazolidinone_antibiotics","penicillins","quinolones","sulfonamides","aminoglycosides","aztreonam","glycylcyclines","leprostatics","lincomycin_derivatives","macrolide_derivatives","tetracyclines"],"observed":[],"day_range":[-8.0,6.0]}