{"id":"1995","samples":[{"sample_id":"1995A","day":4.0,"comp":[0.37346,8.98352e-05,0.0,0.0,0.00017967,5.24038e-05,0.0,0.0,0.0,0.0,0.0,0.000127266,0.00150474,3.74313e-05,0.000104808,0.0451422,0.0,0.0823115,3.74313e-05,0.0,0.0,0.0,0.0,0.0,0.00110048,0.0,0.0,1.49725e-05,0.0,0.0,0.0,0.0,0.0,0.00011978,8.23489e-05,0.0,0.00050158,0.126727,0.0,0.0,0.0,0.0,3.74313e-05,3.74313e-05,4.49176e-05,0.0,5.98901e-05,0.0,0.0,0.0,0.00118283,0.0,0.0,0.0,0.0,0.00108551,0.0,0.0,0.0537214,0.0,0.0,0.0,0.00382548,0.000898352,0.000628846,0.0,0.0,0.0,0.115259,0.0,0.0,0.0,0.0,0.0,0.0,0.0,0.0,9.73214e-05,0.0,0.0,0.0,4.49176e-05,0.0,0.0,0.0,0.0,0.000434203,0.0,0.0,0.0,0.000756113,0.000546497,0.0,0.0,0.000104808,0.0,0.0,0.0,0.0,0.010084,0.0,0.0304541,0.0,0.0,9.73214e-05,0.0,0.00249293,0.0,0.0,0.000134753,0.0,0.0,0.0,0.0,0.0,0.104044,0.000187157,0.000127266,0.000224588,0.0,0.0,0.0,0.0,0.0415263,0.000269505,0.0,0.0,0.0,0.0,0.0,0.0,0.0,0.0,0.0,0.0,0.0]},{"sample_id":"1995B","day":7.0,"comp":[0.224762,0.000216118,0.0,0.0,0.000672366,0.00332581,0.0,0.0,0.0,0.0,0.0,0.000192105,0.000576314,0.0,0.000168091,0.0158486,0.0,0.221977,0.0,0.0,0.0,0.0,0.0,0.0,0.00198108,0.0,0.0,0.0,0.0,0.0,0.0,0.00140476,0.0,8.40457e-05,0.00590721,0.0,0.000540294,0.167275,6.00327e-05,0.0,0.0,0.0,0.0,0.000144078,0.0,0.0,0.000324176,0.0,0.0,0.0,0.00058832,0.0,0.0,0.0,0.0,0.000576314,0.0,0.0,0.0912136,0.0,0.0,0.0,0.00135674,0.00662761,0.0016569,0.0,0.0,0.0,0.000456248,0.0,0.0,0.0,0.0,0.0109139,0.0,0.0,0.0,3.60196e-05,0.0106378,0.0,0.0,0.000168091,0.0,0.0,0.0,0.0,0.0,0.0,0.0,0.0,0.00437038,9.60523e-05,0.0,0.0,0.00199308,0.0,0.0,0.0,0.0,0.00126069,0.0,0.0644871,0.0,0.0,0.0,0.0,0.005511,0.0,0.0,0.0,4.80261e-05,0.0,0.00210114,0.0,3.60196e-05,0.129022,0.000768418,0.000492268,0.00132072,0.0,0.0,0.0,0.0,0.0169172,0.00188503,0.0,0.0,0.0,0.0,0.0,0.0,0.0,0.0,0.0,0.0,0.0]}],"schedule":{"quinolones":[[-508.0,-508.0],[-507.0,-501.0],[-294.0,-292.0],[-289.0,-289.0],[-288.0,-288.0],[-2.0,0.0],[178.0,178.0]],"penicillins":[[-508.0,-508.0],[-322.0,-322.0],[-295.0,-295.0],[-282.0,-282.0],[0.0,18.0]],"cephalosporins":[[-323.0,-323.0],[-282.0,-281.0],[178.0,178.0]],"glycopeptide_antibiotics":[[-322.0,-322.0],[-2.0,7.0],[12.0,17.0]]},"abx_order":["cephalosporins","glycopeptide_antibiotics","penicillins","quinolones","aminoglycosides","aztreonam","carbapenems","glycylcyclines","leprostatics","lincomycin_derivatives","macrolide_derivatives","metronidazole","oxazolidinone_antibiotics","sulfonamides","tetracyclines"],"observed":[],"day_range":[4.0,7.0]}