{"id":"2151","samples":[{"sample_id":"2151C","day":6.0,"comp":[0.00514933,0.0,0.0,0.0,0.032105,0.0,0.0,0.0,0.0,0.0,0.0,0.0,0.0,0.00226571,0.0,0.00011642,0.0,0.000671652,0.0,0.0,0.0,0.0,0.0,0.0,0.0,0.0,0.0,0.0,0.0,0.0,0.0,0.0,0.0,0.0,0.0,2.68661e-05,0.00063583,4.47768e-05,0.0,0.000313438,0.0,0.0,2.68661e-05,0.000161196,0.0,0.0,0.158967,0.0,0.0,0.0,0.0,0.00119106,0.0,0.0,0.0,0.0,0.0,0.0,0.000232839,0.0,0.0,0.0,0.264649,0.000555232,0.0,0.0,0.0,0.0,9.85089e-05,0.0,0.0,0.0,0.00063583,0.0,2.68661e-05,0.0,0.0,0.0,0.0,0.0,2.68661e-05,0.000179107,0.0,0.00038508,0.0,0.0,0.0,0.0,0.0233018,0.0,0.0,0.0,0.0,0.0,0.0,0.0,0.0,0.0,0.0,0.0,0.0344244,0.0,0.0,0.000170152,0.000214929,0.000107464,0.469798,0.0,0.0,0.0,0.0,0.0,0.0,0.00320602,0.0,0.000143286,0.0,0.0,0.0,0.0,0.0,0.0,0.0,0.00011642,5.37321e-05,0.0,0.0,0.0,0.0,0.0,0.0,0.0,0.0,0.0,0.0,0.0]},{"sample_id":"2151E","day":13.0,"comp":[0.217508,0.0,0.0,0.0,0.00148217,0.0,0.0,0.0,0.0,0.0,0.0,0.0,0.0,0.0,0.0,0.000277906,0.0,0.0226957,0.0,0.0,0.0,0.0,0.0,0.0,0.0,0.0,0.0,0.0,0.0,0.0,0.0,0.0,0.0,0.0,0.0,0.0,0.0,0.0,0.0,0.000648448,0.0,0.0,0.0,0.0,0.0,0.0,0.00277906,0.0,0.0,0.0,0.0,0.0,0.0,0.0,0.0,0.0,0.0,0.0,0.383696,0.0,0.0,0.0,0.324132,0.0,0.0,0.0,0.0,0.0,0.0,0.0,0.0,0.0,0.0,0.0,0.0,0.0,0.0,0.0,0.0,0.0,0.0,0.000277906,0.0,0.0,0.0,0.0,0.0,0.0,0.00101899,0.0,0.0,0.0,0.0,0.0,0.0,0.0,0.0,0.0,0.0,0.0,0.0155628,0.0,0.0,0.0,0.0,0.0,0.0188976,0.0,0.0,0.0,0.0,0.00907828,0.0,0.00120426,0.0,0.000277906,0.0,0.0,0.0,0.0,0.0,0.0,0.0,0.000463177,0.0,0.0,0.0,0.0,0.0,0.0,0.0,0.0,0.0,0.0,0.0,0.0]}],"schedule":{"cephalosporins":[[-138.0,-138.0],[-127.0,-127.0]],"glycopeptide_antibiotics":[[-138.0,-138.0],[-44.0,-41.0],[-2.0,0.0],[1.0,7.0]],"penicillins":[[-138.0,-135.0],[-134.0,-132.0],[-127.0,-122.0],[-51.0,-51.0],[-50.0,-37.0]],"sulfonamides":[[-137.0,-135.0],[-133.0,-133.0],[-131.0,-131.0],[-128.0,-128.0],[-126.0,-126.0],[-124.0,-124.0],[-121.0,-121.0],[-119.0,-119.0],[-100.0,-100.0],[-82.0,-82.0],[-49.0,-49.0],[-47.0,-47.0],[-44.0,-44.0],[-42.0,-42.0],[-40.0,-40.0],[-37.0,-37.0]],"macrolide_derivatives":[[-50.0,-50.0],[-49.0,-48.0]],"quinolones":[[-2.0,11.0]]},"abx_order":["cephalosporins","glycopeptide_antibiotics","macrolide_derivatives","penicillins","quinolones","sulfonamides","aminoglycosides","aztreonam","carbapenems","glycylcyclines","leprostatics","lincomycin_derivatives","metronidazole","oxazolidinone_antibiotics","tetracyclines"],"observed":[],"day_range":[6.0,13.0]}