{"id":"225","samples":[{"sample_id":"225A","day":-6.0,"comp":[0.173734,0.0,0.0,0.0,0.0,0.0,0.0201075,0.0,0.00258809,0.0,0.0,0.000265446,0.0191121,0.0,0.0235583,0.00471166,0.00192448,0.123565,0.0017254,0.0,0.000530891,0.00112814,0.0,0.0370297,0.00092906,0.0,0.0120114,0.0,0.0,0.0,0.0,0.0,0.0,0.0349061,0.0,0.0,0.0029199,0.00092906,0.116398,0.0169885,0.000331807,0.0,0.0874643,0.00524255,0.00145995,0.0,0.000862698,0.0,0.00524255,0.0,0.0,0.0,0.0,0.0,0.00106178,0.0,0.0,0.0,0.00663614,0.000729975,0.00119451,0.0,0.0,0.0,0.0,0.0,0.0,0.00358352,0.0,0.0,0.00955604,0.0,0.0,0.00305262,0.00132723,0.0,0.000796337,0.0,0.0,0.0,0.0,0.0156613,0.0,0.0,0.0,0.0,0.0,0.00829518,0.0,0.0,0.00683522,0.00192448,0.0029199,0.00471166,0.0,0.00351715,0.0303272,0.0,0.0216338,0.0729975,0.0,0.000530891,0.0,0.0,0.0,0.0,0.00265446,0.0135377,0.0,0.0,0.0092906,0.0,0.00119451,0.0,0.0,0.00358352,0.00046453,0.0333134,0.0,0.0149313,0.0,0.0,0.0037826,0.00623797,0.0180503,0.0,0.0,0.0,0.0,0.0,0.0,0.0,0.0,0.0,0.0,0.0]},{"sample_id":"225B","day":-2.0,"comp":[0.14797,0.0,0.0,0.0,0.0,0.0,0.0,0.0,0.0,0.0,0.0,0.0,0.00534188,0.0,0.00534188,0.0381944,0.0,0.0531517,0.0,0.00240385,0.0,0.0,0.0,0.0200321,0.0,0.0,0.0,0.0,0.0,0.0,0.0,0.0,0.0,0.0122863,0.0,0.0,0.0491453,0.03125,0.00320513,0.00641026,0.0,0.0,0.0,0.0,0.0,0.0,0.0,0.0,0.00267094,0.0,0.0,0.000801282,0.0,0.0,0.0,0.0,0.0,0.0,0.0240385,0.0,0.0,0.0,0.0,0.0,0.0,0.0,0.0,0.0,0.0,0.0,0.0,0.0,0.0,0.0,0.0,0.0,0.0,0.0,0.0,0.0,0.0,0.0253739,0.0,0.0,0.0,0.0,0.0101496,0.0,0.0,0.0,0.0128205,0.00106838,0.0,0.0,0.0,0.0,0.0,0.0,0.0,0.0,0.0,0.00267094,0.0,0.0,0.0,0.0,0.335203,0.0,0.0,0.0,0.0,0.0288462,0.0,0.00293803,0.0,0.00400641,0.0,0.0,0.0,0.0045406,0.0,0.0,0.0264423,0.0771902,0.0665064,0.0,0.0,0.0,0.0,0.0,0.0,0.0,0.0,0.0,0.0,0.0]}],"schedule":{"quinolones":[[-3.0,-3.0],[-2.0,-1.0]],"glycopeptide_antibiotics":[[-3.0,-3.0],[-2.0,15.0]],"penicillins":[[-1.0,15.0]]},"abx_order":["glycopeptide_antibiotics","penicillins","quinolones","aminoglycosides","aztreonam","carbapenems","cephalosporins","glycylcyclines","leprostatics","lincomycin_derivatives","macrolide_derivatives","metronidazole","oxazolidinone_antibiotics","sulfonamides","tetracyclines"],"observed":[],"day_range":[-6.0,-2.0]}