{"id":"246","samples":[{"sample_id":"246A","day":-5.0,"comp":[0.080812,0.0,0.0,0.0,0.00117119,0.0,0.0,0.0,0.0,0.0,0.0,0.0,0.0,0.0,0.00292797,0.0,0.0,0.300996,0.0,0.0,0.0,0.0,0.0671482,0.0,0.0,0.0,0.0,0.0,0.0,0.0,0.0,0.0,0.0,0.0,0.0,0.0,0.00253758,0.25161,0.0,0.000585594,0.0,0.0,0.0,0.0,0.0,0.0,0.0456764,0.0,0.0,0.0,0.0,0.0,0.0,0.0,0.0,0.0,0.0,0.0,0.0486043,0.0,0.0,0.0,0.0,0.0,0.0,0.0,0.0,0.0,0.0,0.0,0.0,0.0,0.0,0.0,0.0,0.0,0.0,0.0,0.0,0.0,0.0,0.0,0.0,0.0,0.0,0.0,0.0,0.0,0.0,0.0,0.00370876,0.0,0.0,0.0,0.0,0.0,0.0,0.0,0.0,0.0,0.0,0.0,0.0,0.0,0.0,0.0,0.00644154,0.0,0.0,0.0,0.0,0.0,0.0,0.0,0.0,0.130392,0.0,0.0,0.0,0.0,0.0,0.0,0.0,0.0573882,0.0,0.0,0.0,0.0,0.0,0.0,0.0,0.0,0.0,0.0,0.0,0.0]},{"sample_id":"246B","day":4.0,"comp":[0.0101818,0.00135065,0.0,0.0,0.041974,0.0,0.0,0.0,0.0,0.0,0.0,0.0,0.0,0.0,0.0,0.0,0.0,0.000623377,0.0,0.0,0.0,0.0,0.0,0.0,0.0,0.0,0.0,0.0054026,0.0,0.0,0.0,0.0,0.0,0.0,0.0,0.0,0.840519,0.0027013,0.0,0.0,0.0,0.0,0.0,0.0,0.0,0.0,0.0,0.0,0.0,0.0,0.0,0.00436364,0.0,0.0,0.0,0.0,0.000207792,0.00145455,0.0,0.0,0.0,0.0,0.000831169,0.0,0.0,0.000623377,0.000311688,0.0,0.00145455,0.0,0.0,0.0,0.00103896,0.0,0.0,0.0,0.0,0.0,0.0,0.0,0.0,0.0,0.0,0.000207792,0.0,0.0,0.0,0.0,0.000727273,0.0,0.0,0.0,0.0,0.0,0.0,0.0,0.0,0.0,0.0,0.0,0.000311688,0.0,0.0,0.0,0.00207792,0.0,0.0725195,0.0,0.0,0.0,0.0,0.0,0.0,0.0102857,0.0,0.000831169,0.0,0.0,0.0,0.0,0.0,0.0,0.0,0.0,0.0,0.0,0.0,0.0,0.0,0.0,0.0,0.0,0.0,0.0,0.0,0.0]},{"sample_id":"246C","day":11.0,"comp":[0.00588183,0.000934959,0.0,0.0,0.00921107,0.0,2.96812e-05,0.000118725,9.39905e-05,0.0,0.0,0.0,0.0,2.96812e-05,0.000163247,2.96812e-05,0.000346281,8.40968e-05,0.0,0.0,0.0,0.0,0.0,0.0,0.0,0.0,0.0,3.46281e-05,0.0,5.44156e-05,0.0,0.0,0.0,9.89374e-06,0.0,0.0,0.973801,6.92562e-05,0.0,0.000222609,0.0,0.0,7.91499e-05,0.0,0.0,0.0,9.89374e-05,0.0,0.0,0.0,0.0,5.44156e-05,0.0,0.0,0.0,0.0,0.0,0.0,6.43093e-05,0.0,0.0,0.0,0.00096464,0.00017314,0.0,0.0,0.0,0.0,0.000143459,1.97875e-05,0.0,0.0,1.48406e-05,0.0,9.89374e-05,0.0,3.9575e-05,5.44156e-05,0.000311653,0.0,0.0,0.0,0.0,0.0,1.48406e-05,3.9575e-05,0.0,0.0,0.0,0.0,0.0,0.0,0.0,0.0,0.0,1.48406e-05,0.0,0.0,2.47344e-05,0.0,0.000375962,0.0,0.0,0.0,0.000385856,0.0,0.00390308,0.0,0.0,0.0,0.0,2.47344e-05,1.97875e-05,0.00147417,0.000336387,0.000138512,0.0,1.48406e-05,0.0,0.0,0.0,0.0,0.0,0.0,0.0,0.0,0.0,0.0,0.0,0.0,0.0,0.0,0.0,0.0,0.0,0.0]}],"schedule":{"sulfonamides":[[-548.0,-547.0],[-500.0,-498.0],[-465.0,-463.0]],"quinolones":[[-504.0,-504.0],[-503.0,-496.0],[-286.0,-286.0]],"penicillins":[[-504.0,-504.0],[-503.0,-496.0],[-469.0,-469.0],[-468.0,-465.0],[-246.0,-246.0],[-245.0,-231.0],[-203.0,-197.0],[-160.0,-150.0],[-102.0,-98.0],[-84.0,-80.0],[-72.0,-69.0],[5.0,13.0]],"glycopeptide_antibiotics":[[-498.0,-496.0],[-469.0,-469.0],[-468.0,-468.0],[-467.0,-463.0],[-285.0,-276.0],[-273.0,-273.0],[-272.0,-269.0],[-246.0,-246.0],[-245.0,-232.0],[-231.0,-229.0],[-203.0,-198.0],[-160.0,-160.0],[-159.0,-147.0],[-146.0,-142.0],[-102.0,-98.0],[-84.0,-84.0],[-83.0,-80.0],[-72.0,-69.0],[-1.0,15.0],[38.0,38.0]],"cephalosporins":[[-465.0,-463.0]],"leprostatics":[[-303.0,-299.0],[-286.0,-276.0],[-272.0,-268.0],[-245.0,-245.0],[-220.0,-220.0],[-203.0,-193.0],[-156.0,-143.0],[-104.0,-98.0],[-84.0,-81.0],[-72.0,-70.0],[580.0,580.0]],"aztreonam":[[-285.0,-276.0],[-273.0,-273.0],[-272.0,-269.0]],"macrolide_derivatives":[[-284.0,-276.0],[-246.0,-246.0],[-245.0,-240.0],[-238.0,-236.0],[581.0,581.0]],"metronidazole":[[-272.0,-271.0]],"carbapenems":[[-231.0,-226.0],[-150.0,-142.0]]},"abx_order":["aztreonam","carbapenems","cephalosporins","glycopeptide_antibiotics","leprostatics","macrolide_derivatives","metronidazole","penicillins","quinolones","sulfonamides","aminoglycosides","glycylcyclines","lincomycin_derivatives","oxazolidinone_antibiotics","tetracyclines"],"observed":[],"day_range":[-5.0,11.0]}