{"id":"286","samples":[{"sample_id":"286A","day":-2.0,"comp":[0.1456,0.0,0.0,0.00215703,0.00107852,0.0,0.0,0.0,0.00194133,0.0,0.000431406,0.000862813,0.0,0.0,0.0101381,0.0289042,0.0,0.150561,0.0,0.00388266,0.0,0.189387,0.0,0.0135893,0.00237274,0.0,0.0,0.0,0.0,0.0,0.0,0.00129422,0.0,0.0,0.00258844,0.00625539,0.00301984,0.0513374,0.0,0.0,0.0701035,0.0,0.0181191,0.0101381,0.0202761,0.0,0.00129422,0.00150992,0.0,0.0,0.0,0.0,0.0,0.0,0.0,0.0189819,0.0,0.0,0.00323555,0.0,0.0,0.00172563,0.0,0.0,0.0,0.0,0.0,0.0,0.0,0.0,0.0,0.0,0.0,0.00323555,0.00150992,0.0,0.0,0.0,0.0,0.0,0.0,0.00301984,0.0,0.0,0.0,0.0,0.0,0.0204918,0.0,0.0,0.0461605,0.00107852,0.0176877,0.00603969,0.00280414,0.0,0.0,0.00754961,0.0,0.00172563,0.0,0.0163934,0.0,0.00409836,0.00064711,0.0,0.00496117,0.0,0.0,0.0,0.0,0.0,0.0069025,0.0,0.0,0.0140207,0.00194133,0.00560828,0.00237274,0.00560828,0.0,0.0,0.00258844,0.0114323,0.0513374,0.0,0.0,0.0,0.0,0.0,0.0,0.0,0.0,0.0,0.0,0.0]},{"sample_id":"286C","day":12.0,"comp":[0.255754,0.0,0.0,0.0,0.0153453,0.0,0.0,0.0,0.0,0.0,0.0,0.00383632,0.0044757,0.0,0.0,0.0242967,0.0,0.145141,0.0,0.0,0.0,0.036445,0.0,0.00511509,0.0102302,0.0108696,0.0,0.0,0.0,0.0,0.0,0.0,0.0,0.0,0.00511509,0.0,0.00895141,0.107417,0.0,0.0,0.0914322,0.0,0.00639386,0.0358056,0.0172634,0.0,0.0,0.0,0.0,0.0,0.0,0.0,0.0,0.0,0.0,0.0,0.0,0.0,0.0,0.0,0.0,0.0,0.0,0.036445,0.0,0.0,0.0,0.0,0.0,0.0,0.0,0.0,0.0,0.0,0.0,0.0,0.0,0.0,0.0,0.0,0.0,0.00191816,0.0,0.0,0.0,0.0,0.0,0.0,0.0,0.0,0.0773657,0.0,0.0,0.0,0.0044757,0.0,0.00191816,0.00191816,0.0,0.0,0.0,0.0,0.0,0.0,0.0,0.0,0.0415601,0.0,0.0,0.00255754,0.0,0.0,0.0044757,0.0,0.0,0.00959079,0.0,0.011509,0.0,0.0,0.0,0.0,0.0,0.0,0.0223785,0.0,0.0,0.0,0.0,0.0,0.0,0.0,0.0,0.0,0.0,0.0]}],"schedule":{"sulfonamides":[[216.0,222.0],[225.0,227.0],[228.0,264.0],[324.0,324.0],[327.0,327.0],[331.0,331.0],[377.0,382.0],[384.0,385.0],[387.0,408.0],[410.0,410.0],[413.0,414.0]],"quinolones":[[225.0,228.0]],"glycopeptide_antibiotics":[[419.0,421.0]],"macrolide_derivatives":[[426.0,435.0]]},"abx_order":["glycopeptide_antibiotics","macrolide_derivatives","quinolones","sulfonamides","aminoglycosides","aztreonam","carbapenems","cephalosporins","glycylcyclines","leprostatics","lincomycin_derivatives","metronidazole","oxazolidinone_antibiotics","penicillins","tetracyclines"],"observed":[],"day_range":[-2.0,12.0]}