{"id":"412","samples":[{"sample_id":"412A","day":-5.0,"comp":[0.353308,0.0,0.0,0.000611457,0.00141399,0.0,0.0211717,0.000343945,0.00175794,0.0,0.0,0.000649673,0.0720373,0.0,0.00370696,0.00019108,0.000382161,0.224787,0.0,0.0,0.00206367,0.0232354,0.0,0.00363053,0.0230061,0.0,0.0,0.0,0.0,0.0,0.0,0.000611457,0.0,0.0166622,0.00114648,0.0,0.00107005,0.0203692,0.0,0.0,0.000496809,0.0,0.0424581,0.0064203,0.00535025,0.0,0.0,0.000152864,0.000420377,0.0,0.0,0.000114648,0.0,0.0,0.00156686,0.0,0.00905721,0.0,0.00129935,0.0,0.0,0.00202545,0.0,0.0,0.0,0.0,0.00145221,0.000458593,0.0,0.0,0.00294264,0.0,0.0,0.000649673,0.000152864,0.0,0.0,0.0,0.0,0.0,0.0,0.00221653,0.0,0.0,0.0,0.000802538,0.00351588,0.00496809,0.0,0.0,0.012382,0.0,0.00347766,0.00152864,0.0,0.000458593,0.00756678,0.0,0.00978331,0.0,0.0,0.00324837,0.0,0.0,0.0,0.0,0.00340123,0.0223946,0.0,0.0,0.0,0.0,0.00240761,0.0,0.0,0.00466236,0.000343945,0.0338977,0.0,0.0247258,0.0,0.0019108,0.00171972,0.00210188,0.00531203,0.0,0.0,0.0,0.0,0.0,0.0,0.0,0.0,0.0,0.0,0.0]},{"sample_id":"412B","day":-2.0,"comp":[0.110006,0.0,0.0,0.0,0.0161211,0.0,0.000441004,0.0,0.00191102,0.00107801,0.0,0.000931007,0.0,0.00142101,0.000490004,0.0,0.00563505,0.0150921,0.0,0.0,0.0,0.0279792,0.0,0.00249902,0.00156801,0.0120541,0.0,9.80008e-05,0.0,0.0,0.0,0.0,0.0,0.000441004,0.0,0.0,0.000588005,0.0603195,0.0,0.0,0.00112701,0.0,0.0,0.0962368,0.00436103,0.0,0.0,0.000931007,0.0,0.000392003,0.000441004,0.00156801,0.0,0.0,0.0242552,0.0,0.00112701,0.0,0.00558604,0.0,0.00392003,0.0,0.0,0.00107801,0.0,0.0,0.0,0.0,0.0,0.0,0.0,0.0,0.0,0.0,0.0,0.0,0.0,0.00132301,0.0,0.0,0.00107801,0.00181301,0.0,0.0,0.0,0.000196002,0.0,0.0,0.00455704,0.000343003,0.0,0.0,0.0,0.00142101,0.0,0.0,0.0,0.0,0.000245002,0.0,0.0,0.00279302,0.0,0.0,0.0,0.0,0.0917777,0.0,0.0,0.0,0.0,0.0,0.00279302,0.00225402,0.000343003,0.486329,0.00249902,0.0,0.0,0.000539004,0.0,0.0,0.0,0.0,0.0,0.0,0.0,0.0,0.0,0.0,0.0,0.0,0.0,0.0,0.0,0.0]}],"schedule":{"glycopeptide_antibiotics":[[-5.0,13.0],[14.0,14.0],[16.0,19.0],[103.0,103.0],[104.0,106.0]],"penicillins":[[4.0,21.0],[103.0,103.0],[104.0,106.0]],"quinolones":[[103.0,103.0]],"metronidazole":[[104.0,104.0]],"macrolide_derivatives":[[104.0,107.0]],"carbapenems":[[106.0,107.0]]},"abx_order":["carbapenems","glycopeptide_antibiotics","macrolide_derivatives","metronidazole","penicillins","quinolones","aminoglycosides","aztreonam","cephalosporins","glycylcyclines","leprostatics","lincomycin_derivatives","oxazolidinone_antibiotics","sulfonamides","tetracyclines"],"observed":[],"day_range":[-5.0,-2.0]}