{"id":"436","samples":[{"sample_id":"436A","day":-2.0,"comp":[0.158845,0.0,0.0,0.00141967,0.0,0.0,0.0,0.0232668,0.000473223,0.0,0.0,0.0,0.000473223,0.0,0.000394353,0.0,0.0,0.00638852,0.0,0.0,0.0,0.0,0.0,0.0,0.0,0.0,0.0,0.0,0.0,0.0,0.0,0.0,0.0,0.000709835,0.0,0.0,0.00141967,0.0435366,0.000315482,0.0,0.0,0.0,0.000394353,0.175172,0.0,0.0,0.0,0.0,0.0,0.0,0.0,0.0,0.0,0.0,0.0,0.0,0.0,0.0,0.0,0.0,0.00149854,0.0,0.0,0.000394353,0.0,0.0,0.0,0.0,0.0,0.0,0.0,0.0,0.0,0.0,0.000709835,0.0,0.0630176,0.000473223,0.0,0.0,0.0,0.0,0.0,0.0,0.0,0.0,0.0,0.0,0.0,0.0,0.0,0.0,0.0,0.0,0.0,0.0,0.0,0.0,0.0,0.0,0.0,0.000394353,0.0,0.0,0.0,0.0,0.0101743,0.0,0.0,0.0,0.0,0.0,0.0,0.000394353,0.0,0.510135,0.0,0.0,0.0,0.0,0.0,0.0,0.0,0.0,0.0,0.0,0.0,0.0,0.0,0.0,0.0,0.0,0.0,0.0,0.0,0.0]},{"sample_id":"436B","day":-1.0,"comp":[0.113807,0.0,0.0,0.000213602,0.00158066,0.0,0.0,0.0020933,0.000213602,0.000555366,0.0,0.000469925,0.0309723,0.0,0.0,0.000854409,0.0,0.379614,0.0,0.0,0.0,0.0,0.0,0.00427204,0.00239234,0.0,0.0035458,0.0,0.0,0.0,0.0,0.000213602,0.0,0.0383202,0.000683527,0.000555366,0.00115345,0.0164901,0.116157,0.0,0.0,0.0,0.0120472,0.0631835,0.00277683,0.0,0.0,0.0,0.0295625,0.000256323,0.0,0.0,0.0,0.0,0.0,0.0,0.0,0.0,0.0149949,0.0,0.0140123,0.0,0.0,0.0,0.0,0.0,0.0,0.00363124,0.0,0.0,0.00149522,0.0,0.0,0.0,0.000683527,0.0,0.00115345,0.00102529,0.0,0.0,0.000598086,0.0,0.0,0.0,0.0,0.0,0.0,0.00303315,0.0,0.0,0.00093985,0.0,0.0,0.00252051,0.000640807,0.0,0.00222146,0.000469925,0.00260595,0.0,0.0,0.0,0.0,0.0,0.0,0.0,0.0129443,0.00833049,0.0,0.000341763,0.0,0.00123889,0.000897129,0.0,0.0,0.0204204,0.0,0.0223001,0.0,0.00884313,0.0,0.000341763,0.0101675,0.0200786,0.0220865,0.0,0.0,0.0,0.0,0.0,0.0,0.0,0.0,0.0,0.0,0.0]}],"schedule":{"penicillins":[[-125.0,-125.0],[-124.0,-120.0],[0.0,8.0],[61.0,66.0]],"sulfonamides":[[-123.0,-123.0],[-120.0,-120.0],[-109.0,-109.0],[-60.0,-60.0],[-32.0,-32.0],[62.0,62.0]],"quinolones":[[-2.0,0.0],[61.0,62.0],[66.0,66.0]],"glycopeptide_antibiotics":[[-2.0,16.0],[61.0,66.0]],"cephalosporins":[[8.0,11.0]],"metronidazole":[[9.0,11.0]],"carbapenems":[[11.0,19.0]]},"abx_order":["carbapenems","cephalosporins","glycopeptide_antibiotics","metronidazole","penicillins","quinolones","sulfonamides","aminoglycosides","aztreonam","glycylcyclines","leprostatics","lincomycin_derivatives","macrolide_derivatives","oxazolidinone_antibiotics","tetracyclines"],"observed":[],"day_range":[-2.0,-1.0]}