{"id":"444","samples":[{"sample_id":"444A","day":-5.0,"comp":[0.109843,0.0,0.0,0.0,0.00114123,0.0,0.0350927,0.0,0.00171184,0.0,0.00142653,0.0,0.099572,0.0,0.00085592,0.00884451,0.0,0.0607703,0.0,0.00342368,0.0,0.0,0.0,0.00656205,0.00713267,0.0,0.0042796,0.0,0.0,0.0,0.0,0.0,0.0,0.0627675,0.00228245,0.0,0.103566,0.00456491,0.0,0.0,0.0,0.0,0.00228245,0.00570613,0.00513552,0.0,0.0,0.0,0.0305278,0.0,0.0,0.0,0.0,0.0,0.0,0.0,0.0,0.0,0.0,0.0,0.0,0.0,0.00285307,0.0,0.0,0.0,0.0,0.00142653,0.0,0.0,0.0,0.0,0.0,0.0,0.0,0.0,0.0,0.0,0.0179743,0.0,0.0,0.0,0.0,0.0,0.0,0.0,0.0,0.0,0.0,0.0,0.0487874,0.0,0.0,0.00256776,0.0,0.0,0.00142653,0.0,0.00513552,0.053067,0.0,0.0,0.0,0.0,0.0,0.0,0.114408,0.0425107,0.0,0.0,0.0,0.0,0.0,0.00142653,0.046505,0.00941512,0.0,0.0162625,0.0,0.0191155,0.0,0.0,0.00656205,0.0,0.053067,0.0,0.0,0.0,0.0,0.0,0.0,0.0,0.0,0.0,0.0,0.0]},{"sample_id":"444B","day":-2.0,"comp":[0.0866736,0.0,0.0,0.0,0.0103245,0.0,0.00234253,0.0,0.00494534,0.0,0.0,0.0,0.00156169,0.0,0.0873677,0.00754815,0.0,0.1114,0.0037307,0.000694083,0.0,0.0,0.0,0.000433802,0.00399098,0.0,0.0,0.0,0.0,0.0,0.0,0.0,0.0,0.0285442,0.0,0.0,0.0420788,0.0339233,0.0,0.0,0.0,0.000433802,0.100469,0.0,0.0041645,0.0,0.0,0.0,0.0,0.0,0.00390422,0.0,0.0,0.0,0.0,0.00208225,0.0,0.0,0.0388686,0.00208225,0.0,0.0,0.00381746,0.000520562,0.0,0.0,0.0,0.00399098,0.0,0.0,0.00104112,0.0,0.0,0.000520562,0.038001,0.0,0.0,0.0,0.0147493,0.0,0.0,0.0,0.0,0.0,0.0,0.0,0.0,0.00303661,0.0,0.00329689,0.0122332,0.000607323,0.0045983,0.00407774,0.00190873,0.000694083,0.000607323,0.0,0.0,0.0365261,0.000433802,0.0301926,0.0,0.0,0.0,0.0,0.0569148,0.0737463,0.0,0.0,0.0,0.0,0.00208225,0.0211695,0.000520562,0.0301926,0.0,0.0204754,0.0,0.0103245,0.0,0.00321013,0.017005,0.0,0.0259413,0.0,0.0,0.0,0.0,0.0,0.0,0.0,0.0,0.0,0.0,0.0]}],"schedule":{"cephalosporins":[[-7.0,-7.0],[43.0,47.0]],"quinolones":[[-7.0,11.0]],"glycopeptide_antibiotics":[[-6.0,12.0],[26.0,26.0],[27.0,27.0],[28.0,29.0],[31.0,45.0],[46.0,46.0]],"penicillins":[[26.0,43.0]],"metronidazole":[[26.0,30.0],[36.0,37.0],[47.0,47.0]],"macrolide_derivatives":[[35.0,39.0],[40.0,40.0],[46.0,46.0]]},"abx_order":["cephalosporins","glycopeptide_antibiotics","macrolide_derivatives","metronidazole","penicillins","quinolones","aminoglycosides","aztreonam","carbapenems","glycylcyclines","leprostatics","lincomycin_derivatives","oxazolidinone_antibiotics","sulfonamides","tetracyclines"],"observed":[],"day_range":[-5.0,-2.0]}