{"id":"466","samples":[{"sample_id":"466A","day":-7.0,"comp":[0.0847606,0.0,0.0,0.0,0.00350044,0.0,0.0303788,0.0,0.0,0.0,0.0,0.000687586,0.158895,0.0,0.0048131,0.0333167,0.0,0.128641,0.0,0.0,0.0,0.0,0.0,0.0,0.0,0.0,0.0202525,0.000312539,0.0,0.0,0.0,0.0,0.000500063,0.0468809,0.0,0.0,0.00112514,0.0055632,0.0,0.0,0.0257532,0.0,0.0223778,0.000687586,0.00275034,0.0,0.000437555,0.0,0.0364421,0.0,0.0,0.000187523,0.0,0.0,0.00143768,0.000437555,0.0202525,0.0,0.000625078,0.00175022,0.0,0.0,0.00293787,0.0,0.0,0.0,0.0,0.0,0.0,0.000375047,0.0,0.0,0.0,0.0,0.000125016,0.0,0.0,0.000750094,0.0,0.0,0.0,0.0,0.0,0.0,0.0,0.0,0.0,0.008001,0.0,0.0,0.0370046,0.0,0.0,0.0,0.0,0.0,0.0,0.0,0.0,0.167708,0.0,0.0,0.0,0.0,0.0,0.0,0.0552569,0.00231279,0.0,0.0,0.0,0.0,0.00275034,0.0,0.0,0.00262533,0.00350044,0.0096262,0.0,0.0,0.0,0.008001,0.0,0.00943868,0.0568196,0.0,0.0,0.0,0.0,0.0,0.0,0.0,0.0,0.0,0.0,0.0]},{"sample_id":"466C","day":357.0,"comp":[0.00425094,0.0,0.0,0.0,0.0144669,0.0,0.0,0.0,0.0,0.0,0.000548509,0.0,0.0,0.00219403,0.00582791,0.275009,0.0,0.00274254,0.0,0.0,0.0,0.0,0.0,0.0,0.0,0.0,0.0,0.0,0.0,0.0,0.0,0.0,0.0,0.0,0.0,0.0,0.0167981,0.342887,0.0,0.0,0.0,0.0,0.00431951,0.0157696,0.0,0.0,0.0067878,0.0,0.0,0.0,0.0,0.00095989,0.0,0.0,0.0,0.0,0.0,0.0,0.0278368,0.0,0.0,0.0,0.0111759,0.0,0.0,0.0,0.0,0.0,0.0,0.0,0.0,0.0,0.0,0.0,0.000274254,0.0,0.0,0.0007542,0.0,0.000411382,0.0,0.0,0.0,0.0,0.0,0.0,0.0,0.0141927,0.00390812,0.0,0.0,0.00390812,0.0,0.000479945,0.0,0.0,0.0,0.0,0.0,0.0,0.000274254,0.0,0.0,0.0,0.0,0.0,0.192321,0.0,0.0,0.0,0.0,0.0,0.00185122,0.0,0.0,0.0488858,0.0,0.0,0.0,0.0,0.0,0.0,0.0,0.00116558,0.0,0.0,0.0,0.0,0.0,0.0,0.0,0.0,0.0,0.0,0.0,0.0]}],"schedule":{"glycopeptide_antibiotics":[[-3.0,-3.0],[-2.0,13.0]],"metronidazole":[[509.0,510.0]],"macrolide_derivatives":[[509.0,512.0]],"quinolones":[[510.0,510.0]],"cephalosporins":[[510.0,513.0]]},"abx_order":["cephalosporins","glycopeptide_antibiotics","macrolide_derivatives","metronidazole","quinolones","aminoglycosides","aztreonam","carbapenems","glycylcyclines","leprostatics","lincomycin_derivatives","oxazolidinone_antibiotics","penicillins","sulfonamides","tetracyclines"],"observed":[],"day_range":[-7.0,357.0]}