{"id":"478","samples":[{"sample_id":"478B","day":-7.0,"comp":[0.219507,0.0,0.0,0.0,0.00130046,0.0,0.0244378,0.0,0.00899485,0.0,0.0,0.000433487,0.0147386,0.0,0.0042265,0.0,0.000162558,0.0932539,0.0,0.0,0.0,0.0435112,0.0,0.00823625,0.0,0.0,0.0,0.0,0.0,0.0,0.0,0.00065023,0.0,0.00292604,0.0,0.00195069,0.00119209,0.00222162,0.0798158,0.0,0.00292604,0.0,0.00693579,0.0,0.00195069,0.0,0.0,0.0,0.000487673,0.0,0.0,0.0,0.0,0.101978,0.000379301,0.00102953,0.0,0.0,0.00872392,0.0,0.0,0.0,0.0,0.0,0.0,0.0,0.000270929,0.000487673,0.0,0.0,0.00205906,0.000704416,0.0,0.0,0.000325115,0.0,0.0,0.000216743,0.0,0.0,0.0,0.00178813,0.0,0.0,0.0,0.0,0.0,0.0,0.0,0.0,0.0285018,0.000487673,0.00747765,0.0236792,0.000758602,0.00931997,0.00292604,0.0,0.00541859,0.104579,0.0,0.00249255,0.0,0.0,0.000541859,0.0,0.00222162,0.119534,0.000866974,0.000379301,0.000704416,0.00308859,0.00092116,0.0,0.0,0.00173395,0.000487673,0.0106746,0.0,0.019832,0.00065023,0.0,0.0,0.00065023,0.0142509,0.0,0.0,0.0,0.0,0.0,0.0,0.0,0.0,0.0,0.0,0.0]},{"sample_id":"478C","day":-1.0,"comp":[0.0552247,0.0,0.0,0.0,0.00897165,0.0,0.0,0.0,0.0,0.0,0.0,0.0,0.000263872,0.000113088,0.0,0.0,0.000226176,0.0553755,0.0,0.0284228,0.00143245,0.000150784,0.0,0.000263872,0.0,0.0,0.0,0.0,0.0,0.000301568,0.0,0.000150784,0.0,0.0,0.00018848,0.0,0.00697376,0.116179,0.0,0.0,0.00173402,0.0,0.0,0.0196396,0.0,0.0,0.0,0.0,0.0,0.0,0.0,0.000980097,0.0,0.224027,0.00320416,0.0,0.0,0.0,0.0,0.0,0.0,0.0,0.0,0.0,0.0,0.0,0.0,0.0,0.0,0.00177171,0.0,0.0,0.0,0.0,0.0,0.0,0.0,0.000113088,0.0,0.0,0.000263872,0.00018848,0.0,0.0,0.0,0.0,0.0,0.0,0.000829312,0.0,0.0,0.0,0.0,0.000150784,0.0,0.0,0.0,0.0,0.0,0.0,0.0,0.00162093,0.0,0.0,0.00237485,0.0,0.145205,0.00128166,0.0,0.0,0.00018848,0.0,0.00037696,0.0,0.0,0.316496,0.00437274,0.0,0.0,0.0,0.000678528,0.0,0.0,0.0,0.000263872,0.0,0.0,0.0,0.0,0.0,0.0,0.0,0.0,0.0,0.0,0.0]}],"schedule":{"glycopeptide_antibiotics":[[-8.0,11.0],[23.0,23.0],[24.0,30.0]],"aztreonam":[[-7.0,11.0],[23.0,23.0],[24.0,27.0]],"metronidazole":[[9.0,12.0],[13.0,14.0]],"aminoglycosides":[[11.0,11.0]],"carbapenems":[[11.0,13.0]],"macrolide_derivatives":[[24.0,31.0]],"quinolones":[[588.0,594.0]]},"abx_order":["aminoglycosides","aztreonam","carbapenems","glycopeptide_antibiotics","macrolide_derivatives","metronidazole","quinolones","cephalosporins","glycylcyclines","leprostatics","lincomycin_derivatives","oxazolidinone_antibiotics","penicillins","sulfonamides","tetracyclines"],"observed":[],"day_range":[-7.0,-1.0]}