{"id":"482","samples":[{"sample_id":"482A","day":-9.0,"comp":[0.0395489,0.0,0.0,0.0,0.00100417,0.0,0.006334,0.0835007,0.00857408,0.0,0.0,0.00131315,0.0415572,0.0,0.0230959,0.070292,0.0,0.273135,0.0,0.0,0.0,0.000849683,0.0,0.02186,0.00980998,0.00254905,0.0,0.0,0.0,0.0,0.0,0.00100417,0.0,0.000772439,0.00139039,0.000308976,0.00262629,0.0360729,0.0,0.00332149,0.0178433,0.0,0.0,0.0,0.0,0.0,0.0,0.0,0.0,0.0,0.0,0.0,0.0,0.0,0.000617951,0.00115866,0.032288,0.0,0.0200834,0.0,0.0,0.0,0.0019311,0.000463464,0.0,0.0,0.0,0.0,0.0,0.0,0.0,0.0,0.0,0.00108142,0.00247181,0.0,0.0,0.00502086,0.0,0.0,0.0,0.0237139,0.0,0.0,0.0,0.0,0.0,0.0019311,0.0,0.0,0.0169937,0.000849683,0.000463464,0.00324425,0.0,0.0,0.0,0.0,0.00100417,0.0,0.0,0.0162985,0.0,0.0,0.0,0.0,0.00200834,0.15387,0.0,0.0,0.0,0.0102734,0.00200834,0.0,0.000463464,0.0359957,0.000849683,0.0044029,0.0,0.0,0.0,0.0,0.0,0.0137494,0.0,0.0,0.0,0.0,0.0,0.0,0.0,0.0,0.0,0.0,0.0,0.0]},{"sample_id":"482C","day":107.0,"comp":[0.0894714,0.0,0.0,0.0,0.000601633,0.0,0.0,0.00928234,0.0,0.0,0.0,0.0,0.0525999,0.0,0.0,0.198711,0.0,0.0756339,0.00412548,0.0,0.0,0.0,0.000945423,0.00481306,0.0,0.001633,0.0,0.0,0.0,0.0,0.0,0.0,0.0,0.0,0.00472712,0.0,0.0110013,0.109153,0.0,0.0,0.0,0.0,0.032746,0.0,0.0,0.0,0.000515685,0.0,0.0,0.0,0.0,0.0,0.0,0.0,0.0,0.0,0.0160722,0.0,0.0,0.0,0.00120327,0.0,0.0,0.0,0.0,0.0,0.0,0.0,0.0,0.0,0.0,0.0,0.0,0.0,0.0,0.0,0.0,0.0,0.0,0.0,0.0,0.0,0.0,0.0,0.0,0.0,0.0,0.0,0.0,0.0,0.0,0.0,0.0,0.0,0.0,0.0,0.0184787,0.0,0.0,0.0,0.0,0.0,0.0,0.0,0.0,0.0,0.00747744,0.0,0.0054147,0.0,0.0,0.0788139,0.0,0.000429738,0.0,0.249592,0.0,0.0,0.0,0.0,0.0,0.0,0.0,0.0265578,0.0,0.0,0.0,0.0,0.0,0.0,0.0,0.0,0.0,0.0,0.0,0.0]}],"schedule":{"penicillins":[[-60.0,-57.0],[-3.0,4.0],[26.0,32.0],[35.0,37.0]],"glycopeptide_antibiotics":[[-60.0,-52.0],[-4.0,14.0]],"quinolones":[[-57.0,-53.0],[-4.0,-4.0],[32.0,35.0],[37.0,39.0]],"cephalosporins":[[4.0,14.0]],"metronidazole":[[4.0,14.0],[26.0,26.0],[27.0,39.0]]},"abx_order":["cephalosporins","glycopeptide_antibiotics","metronidazole","penicillins","quinolones","aminoglycosides","aztreonam","carbapenems","glycylcyclines","leprostatics","lincomycin_derivatives","macrolide_derivatives","oxazolidinone_antibiotics","sulfonamides","tetracyclines"],"observed":[],"day_range":[-9.0,107.0]}