{"id":"506","samples":[{"sample_id":"506A","day":-9.0,"comp":[0.122182,0.0,0.0,0.0,0.000445182,0.0,0.0,0.0,0.0,0.0,0.0,0.00408758,0.00453276,0.0,8.09422e-05,0.0,0.0,0.139018,0.0,0.0,0.0,0.00133555,0.0,0.0012546,0.0,0.000849893,0.0,0.0,0.0,0.0,0.0,0.0,0.00161884,0.0,0.0,0.00222591,0.00178073,0.106763,0.0772593,0.00651584,0.0,0.0,0.00465417,0.125177,0.0,0.000323769,0.00319722,0.0,0.0,0.0,0.0,0.0,0.0,0.0,0.0,0.0012546,0.100045,0.0,0.00611113,0.0,0.0,0.0,0.0,0.0,0.0,0.0,0.0,0.0,0.0,0.0,0.0,0.0,0.0,0.00072848,0.0,0.0,0.0,0.00036424,0.0,0.000445182,0.000323769,0.0,0.0,0.0,0.0,0.0,0.0,0.00218544,0.0,0.000283298,0.00505889,0.00121413,0.0,0.0,0.0,0.0,0.0937715,0.0046137,0.0136792,0.0,0.0,0.0114128,0.0,0.0,0.0,0.0,0.00186167,0.0,0.0,0.0101582,0.0,0.00497794,0.000404711,0.0,0.0,0.0781092,0.0,0.0,0.0,0.0,0.0,0.0,0.0307176,0.0124246,0.0165527,0.0,0.0,0.0,0.0,0.0,0.0,0.0,0.0,0.0,0.0,0.0]},{"sample_id":"506B","day":-6.0,"comp":[0.0246377,0.0013285,0.0,0.0,0.0998792,0.0,0.0,0.0,0.0,0.0,0.0,0.0,0.0,0.0114734,0.0,0.0,0.0,0.0013285,0.0,0.0,0.0,0.0,0.0,0.0,0.0,0.0,0.0,0.0,0.0,0.0,0.0,0.0,0.0,0.0,0.0,0.0,0.00362319,0.000483092,0.0,0.00724638,0.0,0.00374396,0.000241546,0.0,0.0,0.0,0.0,0.0,0.0,0.0,0.0,0.0113527,0.0,0.0,0.0,0.0,0.0,0.0207729,0.0,0.0,0.0,0.0,0.0,0.0347826,0.0,0.00917874,0.0,0.0,0.0,0.00229469,0.0,0.0,0.0328502,0.0,0.0,0.0,0.0,0.0181159,0.0977053,0.0,0.0759662,0.0,0.000603865,0.0,0.0,0.0,0.0,0.0,0.00217391,0.0,0.0,0.0,0.0,0.0,0.0,0.0,0.000362319,0.0,0.0,0.0,0.000724638,0.0,0.0,0.0,0.0,0.00628019,0.49843,0.0,0.0,0.0,0.0,0.0,0.0,0.0322464,0.0,0.000603865,0.0,0.0,0.0,0.0,0.00157005,0.0,0.0,0.0,0.0,0.0,0.0,0.0,0.0,0.0,0.0,0.0,0.0,0.0,0.0,0.0]},{"sample_id":"506C","day":4.0,"comp":[0.00826772,0.0,0.0,0.0,0.0183727,0.0,0.0,0.0,0.0,0.00839895,0.0,0.0,0.0,0.014042,0.0,0.0,0.0,0.0,0.0,0.0,0.0,0.0,0.0,0.0,0.0,0.0,0.0,0.0,0.0,0.0,0.0,0.0,0.0,0.0,0.0,0.0,0.0,0.0,0.0,0.0,0.0,0.0,0.0,0.0,0.0,0.0,0.0,0.0,0.0,0.00170604,0.0,0.00341207,0.0,0.0,0.0,0.0,0.0,0.0,0.0,0.0,0.0,0.0,0.0211286,0.000918635,0.0,0.0568241,0.0,0.0,0.0,0.00275591,0.0,0.0,0.0,0.0,0.0,0.0,0.0,0.000262467,0.757218,0.0,0.0,0.0,0.0,0.000787402,0.0,0.0,0.0,0.0,0.0,0.0,0.0,0.0,0.0,0.0,0.0,0.0,0.0,0.0,0.0,0.0,0.0,0.0,0.0,0.0,0.0,0.0,0.087664,0.0,0.0,0.0,0.0,0.0,0.0,0.0178478,0.0,0.0,0.0,0.0,0.0,0.0,0.000393701,0.0,0.0,0.0,0.0,0.0,0.0,0.0,0.0,0.0,0.0,0.0,0.0,0.0,0.0,0.0]}],"schedule":{"cephalosporins":[[-10.0,-10.0]],"glycopeptide_antibiotics":[[-9.0,25.0],[81.0,83.0],[721.0,730.0],[731.0,733.0]],"quinolones":[[-8.0,8.0],[19.0,24.0],[721.0,726.0]],"penicillins":[[8.0,19.0],[80.0,80.0],[81.0,84.0],[141.0,141.0],[142.0,147.0],[719.0,719.0],[720.0,720.0],[721.0,721.0]],"sulfonamides":[[81.0,81.0],[721.0,730.0]],"macrolide_derivatives":[[144.0,144.0],[145.0,145.0],[146.0,147.0]],"tetracyclines":[[719.0,727.0]],"lincomycin_derivatives":[[730.0,733.0]]},"abx_order":["cephalosporins","glycopeptide_antibiotics","lincomycin_derivatives","macrolide_derivatives","penicillins","quinolones","sulfonamides","tetracyclines","aminoglycosides","aztreonam","carbapenems","glycylcyclines","leprostatics","metronidazole","oxazolidinone_antibiotics"],"observed":[],"day_range":[-9.0,4.0]}