{"id":"551","samples":[{"sample_id":"551A","day":-4.0,"comp":[0.17844,0.0,0.0,0.00167392,0.00334784,0.0,0.0,0.0,0.0137261,0.0,0.054235,0.0,0.0,0.0,0.0649481,0.0157349,0.00334784,0.075996,0.0,0.0,0.0,0.0,0.0,0.0,0.00535655,0.0,0.0,0.0,0.0,0.0,0.0,0.0020087,0.0,0.0,0.0,0.00435219,0.0585872,0.0187479,0.0,0.0160696,0.120857,0.0,0.00301306,0.0,0.0,0.0,0.0,0.0,0.000669568,0.0,0.0,0.0,0.0,0.0,0.0,0.0368262,0.0,0.0,0.00970874,0.0,0.0,0.0,0.145966,0.0,0.0,0.0,0.0,0.0,0.00133914,0.0,0.0,0.0,0.0,0.00569133,0.00133914,0.0,0.0,0.0572481,0.0,0.00435219,0.00602611,0.00535655,0.0,0.0,0.0,0.0,0.0,0.0,0.0,0.0,0.00401741,0.0,0.0,0.00301306,0.0,0.0,0.0,0.0,0.0,0.00803482,0.0,0.0113827,0.0,0.0,0.0,0.0,0.017074,0.0,0.0,0.00502176,0.0,0.0,0.00267827,0.0,0.0,0.0147305,0.0190827,0.0,0.0,0.0,0.0,0.0,0.0,0.0,0.0,0.0,0.0,0.0,0.0,0.0,0.0,0.0,0.0,0.0,0.0,0.0]},{"sample_id":"551B","day":-1.0,"comp":[0.324443,0.0,0.0,0.0,0.00493932,0.0,0.0,0.0,0.0,0.0,0.0,0.00303415,0.0124894,0.0,0.0,0.0220858,0.000141123,0.0673864,0.0,0.0,0.000917302,0.0018346,0.0,0.00197573,0.0334462,0.0,0.0,0.0,0.0,0.0,0.0,0.00176404,0.0,0.0,0.00190517,0.00472763,0.0057155,0.0247671,0.0,0.00141123,0.122001,0.0,0.00169348,0.0,0.0112899,0.0,0.0,0.0,0.0,0.0,0.0,0.0,0.0,0.0,0.0,0.00493932,0.0,0.0,0.0216624,0.0,0.0,0.0,0.0722552,0.000705617,0.0,0.0,0.0,0.0,0.0,0.000211685,0.0,0.0,0.0,0.0,0.0,0.0,0.0,0.000705617,0.0,0.0,0.0,0.0,0.0,0.0,0.0,0.0,0.0220858,0.000493932,0.0,0.0,0.00141123,0.00042337,0.000282247,0.000564493,0.0,0.00042337,0.000352808,0.0,0.014818,0.0716201,0.0,0.0189105,0.0,0.0,0.0,0.0,0.0480525,0.0,0.00522156,0.0210979,0.0,0.0,0.00261078,0.0,0.0,0.0400085,0.000564493,0.00084674,0.0,0.000635055,0.0,0.0,0.00112899,0.0,0.0,0.0,0.0,0.0,0.0,0.0,0.0,0.0,0.0,0.0,0.0,0.0]}],"schedule":{"glycopeptide_antibiotics":[[-6.0,-6.0],[-5.0,14.0]],"penicillins":[[-6.0,-2.0]],"carbapenems":[[-2.0,12.0]]},"abx_order":["carbapenems","glycopeptide_antibiotics","penicillins","aminoglycosides","aztreonam","cephalosporins","glycylcyclines","leprostatics","lincomycin_derivatives","macrolide_derivatives","metronidazole","oxazolidinone_antibiotics","quinolones","sulfonamides","tetracyclines"],"observed":[],"day_range":[-4.0,-1.0]}