{"id":"552","samples":[{"sample_id":"552A","day":-8.0,"comp":[0.21001,0.0,0.0,0.00320137,0.00192082,0.0,0.026518,0.0,0.0,0.0,0.0,0.00128055,0.0146196,0.0,0.0,0.158521,0.0,0.250133,0.0,0.0,0.0,0.000480205,0.0,0.00901718,0.00512219,0.000586917,0.0,0.0,0.0,0.0,0.0,0.000426849,0.0,0.0,0.000373493,0.0,0.00144061,0.0303596,0.0,0.000746985,0.00240102,0.0,0.0052289,0.00202753,0.0154733,0.0,0.000373493,0.0,0.0,0.0,0.0,0.0,0.0,0.0,0.0,0.0,0.0126454,0.0,0.00544232,0.0,0.0,0.0,0.0,0.0,0.000373493,0.0,0.0,0.0,0.0,0.0,0.0,0.0,0.0,0.00026678,0.0,0.0,0.000160068,0.0,0.0,0.0,0.0,0.0026678,0.0,0.0,0.0,0.0,0.00517554,0.00624266,0.000533561,0.0,0.00416178,0.000213424,0.0,0.0,0.0,0.0,0.0,0.0,0.000586917,0.136165,0.0,0.0106712,0.0,0.00165404,0.0,0.0,0.0143528,0.0,0.0,0.0,0.000480205,0.00122719,0.000640273,0.0,0.0,0.0048554,0.00112048,0.000426849,0.000533561,0.0259844,0.0,0.0,0.00176075,0.0128588,0.00853698,0.0,0.0,0.0,0.0,0.0,0.0,0.0,0.0,0.0,0.0,0.0]},{"sample_id":"552B","day":3.0,"comp":[0.00786641,0.0,0.0,0.0493146,0.0259914,0.0,0.000506026,0.0,0.00782041,0.000920048,0.000874045,0.0,0.0,0.000368019,0.0101665,0.0850584,0.0,0.0140767,0.0,0.0,0.0,0.0,0.0,0.0,0.000368019,0.0178489,0.0,0.000414022,0.0,0.0,0.0,0.0,0.0,0.0,0.0,0.0,0.0,0.26111,0.0,0.209219,0.000828043,0.0,0.0,0.0,0.0,0.000368019,9.20048e-05,0.0,0.0,0.0,0.0,0.0209311,0.0,0.0,0.0,0.0,0.0,0.0,0.0,0.0,0.0,0.0,0.0118686,0.0,0.0,0.00754439,0.0,0.0,0.0,0.0,0.0,0.0,0.0,0.0,0.0146748,0.0,0.00230012,0.0,0.0,0.0,0.0,0.103919,0.0,0.0,0.0,0.0,0.0,0.0,0.0436103,0.0,0.0,0.0,0.0,0.0,0.0,0.0,0.0,0.0,0.0,0.0,0.0,0.0,0.0,0.0,0.0,0.0,0.0835863,0.0,0.0,0.0,0.000690036,0.0,0.0,0.0167909,0.0,0.00018401,0.0,0.0,0.0,0.000690036,0.0,0.0,0.0,0.0,0.0,0.0,0.0,0.0,0.0,0.0,0.0,0.0,0.0,0.0,0.0,0.0]}],"schedule":{"quinolones":[[-2.0,6.0],[14.0,20.0],[136.0,136.0]],"glycopeptide_antibiotics":[[-2.0,11.0],[134.0,134.0],[135.0,136.0]],"penicillins":[[6.0,11.0],[134.0,134.0],[135.0,136.0]],"cephalosporins":[[11.0,13.0]],"oxazolidinone_antibiotics":[[133.0,134.0]],"macrolide_derivatives":[[135.0,135.0]],"sulfonamides":[[135.0,136.0]],"aminoglycosides":[[136.0,136.0]],"tetracyclines":[[136.0,136.0]]},"abx_order":["aminoglycosides","cephalosporins","glycopeptide_antibiotics","macrolide_derivatives","oxazolidinone_antibiotics","penicillins","quinolones","sulfonamides","tetracyclines","aztreonam","carbapenems","glycylcyclines","leprostatics","lincomycin_derivatives","metronidazole"],"observed":[],"day_range":[-8.0,3.0]}