{"id":"574","samples":[{"sample_id":"574A","day":-2.0,"comp":[0.0779574,0.0,0.0,0.0,0.00436298,0.0,0.00312817,0.0,0.000576242,0.0,0.0,0.000356721,0.00279889,0.000439042,0.000987844,0.0368795,0.000439042,0.0515325,0.000768323,0.0,0.0,0.0,0.0,0.0,0.00729907,0.0,0.0,5.48802e-05,0.0,0.0,0.0,0.00170129,0.0,0.0,0.0123755,0.0173696,0.0,0.381939,0.0,0.00249705,0.0,0.0,0.0,0.0978789,0.0049941,0.000246961,0.0,0.0,0.0,0.0,0.0,0.000274401,0.0,0.0,0.0279889,0.00189337,0.0,0.0,0.106523,0.0,0.0,0.0,0.000137201,0.0,0.000439042,0.0,0.0,0.0,0.0,0.000164641,0.000274401,0.0,0.000219521,0.000356721,0.000246961,0.0,0.000301841,0.00469226,0.0,0.0,0.0,0.000493922,0.0,0.0,0.0,0.0,0.0,0.0,0.0,0.0,0.00422578,0.0052685,0.000823203,0.00362209,0.0,0.0,0.0,0.0,0.0,0.0,0.000356721,0.00515874,0.0,0.000576242,0.0,0.0,0.0164641,0.0,0.00274401,0.0,0.0,0.0,0.00362209,0.0,0.0,0.0234887,0.0,0.000631123,0.000740883,0.0,0.00010976,0.0,0.0,0.010784,0.0707955,0.0,0.0,0.0,0.0,0.0,0.0,0.0,0.0,0.0,0.0,0.0]},{"sample_id":"574B","day":11.0,"comp":[0.0,0.0,0.0,0.0,0.0,0.0,0.0,0.0,0.0,0.0,0.0,0.0,0.0,0.0,0.0,0.0,0.0,0.0,0.0,0.0,0.0,0.0,0.0,0.0,0.0,0.0,0.0,0.0,0.0,0.0,0.0,0.0,0.0,0.0,0.0,0.0,0.999135,0.0,0.0,0.0,0.0,0.0,0.0,0.0,0.0,0.0,0.0,0.0,0.0,0.0,0.0,0.0,0.0,0.0,0.0,0.0,0.0,0.0,0.0,0.0,0.0,0.0,0.000518971,0.0,0.0,0.0,0.0,0.0,0.0,0.0,0.0,0.0,0.0,0.0,0.0,0.0,0.0,0.0,0.0,0.0,0.0,0.0,0.0,0.0,0.0,0.0,0.0,0.0,0.0,0.0,0.0,0.0,0.0,0.0,0.0,0.0,0.0,0.0,0.0,0.0,0.0,0.0,0.0,0.0,0.0,0.0,0.000345981,0.0,0.0,0.0,0.0,0.0,0.0,0.0,0.0,0.0,0.0,0.0,0.0,0.0,0.0,0.0,0.0,0.0,0.0,0.0,0.0,0.0,0.0,0.0,0.0,0.0,0.0,0.0,0.0,0.0]},{"sample_id":"574C","day":18.0,"comp":[0.000529859,0.0,0.0,0.0,0.0,0.0,0.0,0.0,0.0,0.0,0.0,0.0,0.0,0.0,0.0566949,0.08191,0.0304201,0.0,0.0,0.0,0.0,0.0,0.0,0.0,0.0,0.0,0.0,0.0,0.0,0.0,0.0,0.0,0.0,0.0,0.0,0.0,0.531605,0.0,0.0,0.0155218,0.0,0.0,0.0,0.0,0.0,0.0,0.0,0.0,0.0,0.0,0.0,0.0,0.0,0.0,0.0,0.0,0.0,0.0,0.0,0.0,0.0,0.0,0.0268358,0.0,0.0,0.0,0.0,0.0,0.000155841,0.0,0.0,0.0,0.0,0.0,0.00230645,0.0,0.0,6.23364e-05,0.0,0.0,0.0,0.0,0.0,0.0,0.0,0.0,0.0,0.0,0.000187009,0.0,0.0,0.0,0.0,0.0,0.0,0.0,0.0,0.0,0.0,0.0,0.0,0.0,0.0,0.0,0.0638636,0.0,0.189908,0.0,0.0,0.0,0.0,0.0,0.0,0.0,0.0,0.0,0.0,0.0,0.0,0.0,0.0,0.0,0.0,0.0,0.0,0.0,0.0,0.0,0.0,0.0,0.0,0.0,0.0,0.0,0.0,0.0]}],"schedule":{"penicillins":[[-72.0,-72.0],[-71.0,-70.0],[-60.0,-52.0],[-3.0,4.0],[115.0,117.0],[122.0,126.0],[129.0,133.0],[146.0,152.0],[153.0,155.0]],"sulfonamides":[[-71.0,-71.0],[-59.0,-59.0],[-57.0,-57.0],[-55.0,-55.0],[-52.0,-52.0]],"glycopeptide_antibiotics":[[-57.0,-56.0],[-55.0,-52.0],[-3.0,13.0],[144.0,144.0],[145.0,145.0],[146.0,146.0],[147.0,147.0],[148.0,158.0]],"carbapenems":[[4.0,14.0]],"quinolones":[[115.0,115.0],[122.0,122.0],[161.0,165.0],[166.0,166.0],[167.0,167.0],[169.0,169.0],[171.0,171.0]],"macrolide_derivatives":[[122.0,125.0],[126.0,126.0],[127.0,132.0],[160.0,160.0],[175.0,176.0]],"aztreonam":[[158.0,160.0],[161.0,165.0],[166.0,177.0]],"oxazolidinone_antibiotics":[[161.0,168.0],[175.0,177.0]],"lincomycin_derivatives":[[165.0,173.0],[174.0,176.0]],"glycylcyclines":[[170.0,170.0],[171.0,175.0]]},"abx_order":["aztreonam","carbapenems","glycopeptide_antibiotics","glycylcyclines","lincomycin_derivatives","macrolide_derivatives","oxazolidinone_antibiotics","penicillins","quinolones","sulfonamides","aminoglycosides","cephalosporins","leprostatics","metronidazole","tetracyclines"],"observed":[],"day_range":[-2.0,18.0]}