{"id":"580","samples":[{"sample_id":"580A","day":-4.0,"comp":[0.00239499,0.0,0.0,0.0,0.00829035,0.0,0.0491894,0.0,0.0,0.0,0.0,0.0,0.0,0.0,0.0,0.0,0.00303979,0.216746,0.0,0.0,0.00055269,0.0,0.0,0.000276345,0.0,0.0,0.0,0.0,0.0,0.0,0.0,0.0,0.0,0.0,0.0,0.0,0.0411754,0.266857,0.0,0.0,0.0,0.0,0.0,0.0,0.0,0.0,0.0,0.0,0.0,0.0,0.0,0.0,0.0,0.0,0.0,0.0,0.0018423,0.0,0.0061717,0.0,0.0,0.0,0.00663228,0.0,0.0,0.0,0.0,0.0,0.0,0.0,0.0,0.0,0.0,0.0,0.0,0.00055269,0.0,0.0,0.0,0.0,0.0,0.0,0.0,0.0,0.0,0.0,0.0,0.0,0.00073692,0.0,0.0,0.0,0.0,0.0,0.0,0.0,0.0,0.0,0.0,0.0,0.0,0.0167649,0.0,0.0,0.0,0.0,0.00911938,0.0,0.0,0.0,0.0,0.0,0.0,0.0,0.0,0.0524134,0.0,0.0,0.0,0.0,0.0,0.0,0.0,0.316415,0.000829035,0.0,0.0,0.0,0.0,0.0,0.0,0.0,0.0,0.0,0.0,0.0]},{"sample_id":"580B","day":4.0,"comp":[0.00137581,0.0,0.0,0.0,0.0,0.0,0.0,0.0,0.0,0.0,0.0,0.0,0.0,0.0,0.0,0.0,0.0,0.0,0.0,0.0,0.0,0.0,0.0,0.000289645,0.0,0.0,0.0,0.0,0.0,0.0,0.0,0.0,0.0,0.0,0.0,0.0,0.993845,0.0,0.0,0.0,0.0,0.0,0.0,0.0,0.0,0.0,0.0,0.0,0.0,0.0,0.0,0.0,0.0,0.0,0.0,0.0,0.0,0.0,0.0,0.0,0.0,0.0,0.0031861,0.0,0.0,0.0,0.0,0.0,0.0,0.0,0.0,0.0,0.0,0.0,0.0,0.0,0.0,0.0,0.0,0.0,0.0,0.0,0.0,0.0,0.0,0.0,0.0,0.0,0.0,0.0,0.0,0.0,0.0,0.0,0.0,0.0,0.0,0.000144823,0.0,0.0,0.0,0.0,0.0,0.0,0.0,0.0,0.00101376,0.0,0.0,0.0,0.0,0.0,0.0,0.0,0.0,0.000144823,0.0,0.0,0.0,0.0,0.0,0.0,0.0,0.0,0.0,0.0,0.0,0.0,0.0,0.0,0.0,0.0,0.0,0.0,0.0,0.0]}],"schedule":{"quinolones":[[-125.0,-125.0],[-60.0,-57.0],[96.0,97.0],[98.0,98.0],[100.0,100.0],[142.0,142.0],[143.0,144.0],[145.0,147.0],[148.0,151.0],[164.0,165.0],[166.0,166.0],[167.0,167.0],[182.0,182.0],[184.0,184.0]],"penicillins":[[-125.0,-119.0],[-3.0,7.0],[125.0,126.0],[164.0,164.0]],"glycopeptide_antibiotics":[[-123.0,-123.0],[-122.0,-121.0],[-120.0,-116.0],[-114.0,-114.0],[-113.0,-113.0],[-111.0,-111.0],[-109.0,-109.0],[-107.0,-107.0],[-105.0,-105.0],[-104.0,-104.0],[-103.0,-103.0],[-102.0,-102.0],[-101.0,-91.0],[-4.0,-1.0],[0.0,3.0],[4.0,4.0],[6.0,6.0],[7.0,7.0],[17.0,19.0],[90.0,90.0],[91.0,93.0],[140.0,141.0],[142.0,143.0],[165.0,165.0],[186.0,186.0]],"carbapenems":[[-119.0,-99.0]],"aztreonam":[[-99.0,-91.0],[90.0,90.0]],"metronidazole":[[-97.0,-91.0],[-4.0,0.0],[3.0,17.0],[173.0,182.0]],"cephalosporins":[[-60.0,-60.0],[7.0,15.0],[90.0,94.0],[126.0,131.0],[139.0,140.0],[141.0,142.0],[174.0,182.0],[185.0,188.0]],"oxazolidinone_antibiotics":[[8.0,8.0],[9.0,19.0]],"macrolide_derivatives":[[90.0,93.0],[148.0,151.0],[164.0,164.0],[165.0,165.0],[166.0,166.0],[167.0,168.0],[175.0,185.0],[186.0,186.0],[187.0,188.0]],"sulfonamides":[[164.0,164.0],[186.0,188.0]]},"abx_order":["aztreonam","carbapenems","cephalosporins","glycopeptide_antibiotics","macrolide_derivatives","metronidazole","oxazolidinone_antibiotics","penicillins","quinolones","sulfonamides","aminoglycosides","glycylcyclines","leprostatics","lincomycin_derivatives","tetracyclines"],"observed":[],"day_range":[-4.0,4.0]}