{"id":"608","samples":[{"sample_id":"608A","day":-8.0,"comp":[0.401504,0.0,0.0,0.0,0.013103,0.0,0.0,0.0168255,0.0,0.0,0.0,0.0,0.0495086,0.0,0.0,0.00223347,0.0,0.372171,0.0,0.0,0.0,0.0,0.0,0.0,0.0,0.0,0.0,0.0,0.0,0.0,0.0,0.0,0.000744491,0.0,0.000893389,0.000893389,0.00238237,0.00856164,0.0,0.0,0.0,0.00275462,0.0,0.0,0.0,0.0,0.0,0.0,0.0,0.0,0.0,0.000595593,0.0,0.0,0.0,0.0,0.0,0.0,0.0042436,0.0,0.0,0.0,0.000967838,0.0,0.0,0.0,0.0,0.0,0.0,0.0,0.0,0.0,0.0,0.0,0.0,0.0,0.0,0.00081894,0.0,0.0,0.0,0.0,0.0,0.0,0.0,0.0,0.00826385,0.000446694,0.00134008,0.0,0.0,0.0,0.0,0.0,0.000521144,0.0,0.00811495,0.0,0.0,0.0,0.0,0.00253127,0.0,0.0,0.0,0.0,0.0801817,0.0,0.0,0.0,0.0,0.0,0.0,0.000297796,0.0,0.0130286,0.0,0.0,0.0,0.0,0.0,0.0,0.0,0.00588148,0.00119119,0.0,0.0,0.0,0.0,0.0,0.0,0.0,0.0,0.0,0.0,0.0]},{"sample_id":"608B","day":-3.0,"comp":[0.0128341,0.0,0.0,0.0,0.140628,0.0,0.0,0.000255223,0.0,0.0,0.0,0.0,0.0,0.000656288,0.0,0.00226055,0.0,0.000182302,0.0,0.0,0.0,0.0,0.0,0.0,0.0,0.0,0.0,0.000218763,0.0219492,0.0,0.000401065,0.0,0.0,0.0,0.0,0.0,0.00218763,0.000328144,0.0,0.0,0.0,0.117621,0.0,0.0,0.0,0.0,0.0,0.0,0.0,0.0,0.0,0.000947971,0.0,0.0,0.0,0.0,0.0,0.00149488,0.0,0.0,0.0,0.0,0.00295329,0.0557844,0.0,0.0,0.00747439,0.0,0.0,0.00189594,0.0,0.0,0.00291683,0.0,0.0,0.0,0.0,0.0508258,0.0,0.0,0.00357312,0.000109381,0.0,0.0,0.0,0.0017501,0.000510446,0.0,0.00171364,0.0,0.0,0.0,0.0,0.0,0.0,0.0,0.0,0.0,0.0,0.0,0.00233347,0.0,0.0,0.00102089,0.00503154,0.0,0.55387,0.000109381,0.0,0.0,0.0,0.0,0.0,0.000619827,0.00277099,0.000984431,0.0,0.0,0.0,0.0,0.00178656,0.0,0.0,0.0,0.0,0.0,0.0,0.0,0.0,0.0,0.0,0.0,0.0,0.0,0.0,0.0]}],"schedule":{"sulfonamides":[[-1290.0,-1288.0]],"quinolones":[[-1290.0,-1277.0],[-113.0,-105.0],[-8.0,-6.0]],"penicillins":[[-105.0,-100.0],[-6.0,4.0],[26.0,41.0]],"oxazolidinone_antibiotics":[[-104.0,-101.0]],"glycopeptide_antibiotics":[[-8.0,14.0],[26.0,27.0],[28.0,35.0],[36.0,41.0],[45.0,48.0]],"cephalosporins":[[4.0,8.0]],"carbapenems":[[8.0,9.0],[10.0,21.0],[22.0,25.0],[26.0,26.0],[45.0,49.0]],"macrolide_derivatives":[[28.0,32.0],[33.0,34.0],[36.0,36.0],[39.0,39.0],[41.0,41.0],[43.0,43.0],[46.0,46.0],[48.0,48.0]]},"abx_order":["carbapenems","cephalosporins","glycopeptide_antibiotics","macrolide_derivatives","oxazolidinone_antibiotics","penicillins","quinolones","sulfonamides","aminoglycosides","aztreonam","glycylcyclines","leprostatics","lincomycin_derivatives","metronidazole","tetracyclines"],"observed":[],"day_range":[-8.0,-3.0]}