{"id":"711","samples":[{"sample_id":"711A","day":-8.0,"comp":[0.110116,0.0,0.0,0.0,0.00197813,0.0,0.00532996,0.0,0.0,0.0,0.0,0.000824221,0.0188472,0.0,0.00395626,0.0636299,0.0,0.100445,0.0,0.0,0.0,0.0,0.0,0.0119787,0.0,0.0,0.0,0.000329688,0.0,0.0,0.0,0.00230782,0.00153855,0.0,0.00252761,0.0,0.00928622,0.0416506,0.0,0.0,0.0,0.0,0.0,0.150283,0.0,0.0,0.0157151,0.0,0.026485,0.0,0.000659377,0.000604429,0.0,0.000109896,0.0,0.0013737,0.108962,0.0,0.0223089,0.0,0.0,0.0,0.0,0.0,0.0,0.0,0.00027474,0.0,0.0,0.0,0.0,0.0,0.0,0.00329688,0.00241772,0.0,0.0,0.0,0.0,0.0013737,0.0,0.0,0.0,0.0,0.0,0.0,0.0,0.00637398,0.0,0.0,0.00109896,0.0,0.0,0.0,0.00263751,0.00027474,0.0685752,0.0,0.00824221,0.0228035,0.0,0.0269795,0.0,0.0,0.0,0.0,0.0275839,0.0,0.0,0.0,0.0,0.0,0.0120886,0.0,0.0,0.0720919,0.0,0.00131875,0.00258256,0.00598934,0.0,0.0,0.00417605,0.0118688,0.0167042,0.0,0.0,0.0,0.0,0.0,0.0,0.0,0.0,0.0,0.0,0.0]},{"sample_id":"711B","day":4.0,"comp":[0.0111696,0.0,0.0,0.0,0.00166159,0.0,0.0,0.0,0.0,0.0,0.0,0.0,0.000553863,0.0,0.000553863,0.0,0.0,0.000738484,0.0,0.0,0.0,0.0,0.0,0.000461553,0.0,0.0,0.0,0.0,0.0,0.0,0.000369242,0.0,0.0,0.0,0.0,0.0,0.886089,0.000646174,0.0,0.0,0.0,0.0,0.0,0.0,0.0,0.0,0.0,0.0,0.0,0.0,0.0,0.000461553,0.00203083,0.0,0.0,0.0,0.0,0.0,0.0,0.0,0.0,0.0,0.0,0.000738484,0.0,0.0,0.0,0.0,0.0,0.0,0.0,0.0,0.0,0.0,0.0,0.0,0.0,0.0,0.0,0.0,0.0,0.0,0.0,0.0,0.0,0.0,0.0,0.0,0.0,0.0,0.0,0.0,0.0,0.0,0.0,0.0,0.0,0.0,0.0,0.0,0.0,0.000276932,0.0,0.0,0.00286163,0.0,0.0881566,0.0,0.0,0.0,0.0,0.0,0.0,0.0,0.0,0.00323087,0.0,0.0,0.0,0.0,0.0,0.0,0.0,0.0,0.0,0.0,0.0,0.0,0.0,0.0,0.0,0.0,0.0,0.0,0.0,0.0]}],"schedule":{"cephalosporins":[[-122.0,-113.0],[229.0,229.0],[230.0,236.0]],"aminoglycosides":[[-121.0,-120.0],[-113.0,-112.0]],"metronidazole":[[-121.0,-113.0]],"glycopeptide_antibiotics":[[-115.0,-108.0],[-2.0,11.0],[230.0,235.0]],"carbapenems":[[-113.0,-104.0]],"sulfonamides":[[-10.0,-8.0],[-7.0,-2.0],[230.0,242.0]],"quinolones":[[-2.0,-1.0]],"penicillins":[[-1.0,12.0]],"macrolide_derivatives":[[229.0,229.0],[230.0,233.0]],"aztreonam":[[229.0,229.0]]},"abx_order":["aminoglycosides","aztreonam","carbapenems","cephalosporins","glycopeptide_antibiotics","macrolide_derivatives","metronidazole","penicillins","quinolones","sulfonamides","glycylcyclines","leprostatics","lincomycin_derivatives","oxazolidinone_antibiotics","tetracyclines"],"observed":[],"day_range":[-8.0,4.0]}