{"id":"747","samples":[{"sample_id":"747A","day":-4.0,"comp":[0.0322893,0.0,0.0,0.0,0.000591313,0.0,0.0,0.0768528,0.00288489,0.0,0.0,0.00050172,0.000537557,0.0,0.0277738,0.00012543,0.00227566,0.0857225,0.00012543,0.0987493,0.000268779,0.00102136,0.0,0.0,0.0,0.00412127,0.0,0.0,0.0,0.000680906,0.0,0.0,8.95929e-05,0.0,0.0,0.0,0.000215023,0.205526,0.0,0.0,0.0,0.0,0.00121846,0.023115,0.000824255,0.0,0.0032791,0.0,0.0,0.0022219,0.00591313,0.0,0.0010572,0.0,0.0188145,0.0,0.0,0.0,0.0106078,0.0,0.0,0.0,0.193772,0.0,0.0,0.0,0.0,0.0,0.0,0.0,0.0,0.00012543,0.0,0.00206064,0.00702408,0.0,0.00526806,0.0,0.0,0.0,0.0,0.0,0.0,0.0,0.0,0.0,0.000842173,0.0,0.00025086,0.0,0.000232942,0.000215023,0.000734662,0.0,0.0,0.000358372,0.0,0.0,0.0,0.0,0.0,0.0010572,0.0,0.000447964,0.0,0.0,0.00605648,0.0,0.0,0.0,0.0206422,0.0,0.0416428,0.00254444,0.0,0.103157,0.00136181,0.0,0.000573394,0.0,0.00390625,0.0,0.0,0.0,0.000322534,0.0,0.0,0.0,0.0,0.0,0.0,0.0,0.0,0.0,0.0,0.0]},{"sample_id":"747B","day":-3.0,"comp":[0.346884,0.0,0.0,0.0,0.00116338,0.0,0.0,0.0231202,0.0,0.0,0.0,0.0,0.0,0.0,0.0,0.0,0.00101591,0.00104868,0.0,0.00766849,0.0,0.0,0.0,0.0,0.0,0.0436842,0.0,0.00049157,0.0,0.000426027,0.0,0.0,0.0,0.0,0.0,0.0,0.0,0.0670992,0.0,0.0158613,0.0,0.000245785,0.0,0.0001147,0.0001147,0.0,6.55426e-05,0.0,0.0,6.55426e-05,0.0,0.0001147,0.0,0.0,0.00162218,0.0,0.0,0.0,0.0,0.0,0.0,0.0,0.445624,0.0,0.0,0.0,0.0,0.0,0.0,0.0,0.0,0.0,0.0,0.0,4.9157e-05,0.0,0.01283,0.0,0.0,0.0,0.0,0.0,0.0,0.0,0.0,0.0,8.19283e-05,0.0,0.000770126,0.0,0.0,0.0,0.0,0.0,0.0,0.0,0.0,0.0,0.0,0.0,0.0,0.0,0.0,0.0,0.0001147,0.0,0.00347376,0.0,0.0,0.0,0.000131085,0.0,0.00309689,0.0010323,0.0,0.0219895,0.0,0.0,0.0,0.0,0.0,0.0,0.0,0.0,0.0,0.0,0.0,0.0,0.0,0.0,0.0,0.0,0.0,0.0,0.0,0.0]}],"schedule":{"penicillins":[[-750.0,-744.0],[-3.0,4.0]],"cephalosporins":[[-713.0,-709.0]],"glycopeptide_antibiotics":[[-10.0,5.0]],"metronidazole":[[-4.0,0.0],[4.0,12.0]],"quinolones":[[-3.0,-3.0]],"aztreonam":[[4.0,12.0]],"glycylcyclines":[[5.0,5.0],[6.0,12.0]],"aminoglycosides":[[6.0,6.0]]},"abx_order":["aminoglycosides","aztreonam","cephalosporins","glycopeptide_antibiotics","glycylcyclines","metronidazole","penicillins","quinolones","carbapenems","leprostatics","lincomycin_derivatives","macrolide_derivatives","oxazolidinone_antibiotics","sulfonamides","tetracyclines"],"observed":[],"day_range":[-4.0,-3.0]}