{"id":"761","samples":[{"sample_id":"761A","day":-3.0,"comp":[0.178194,0.0,0.0,0.0,0.00292122,0.0,0.0,0.0,0.0,0.0,0.00329815,0.0,0.00537128,0.0,0.00640784,0.0,0.0,0.151998,0.00254429,0.0,0.0,0.0,0.00282699,0.0,0.0,0.0,0.0,0.0,0.0,0.0,0.0,0.0,0.0,0.000565398,0.0,0.0,0.151338,0.000282699,0.0,0.0,0.0,0.0,0.0,0.0,0.0,0.00631361,0.0,0.0,0.0,0.0,0.0,0.000376932,0.0,0.0,0.0,0.0,0.0,0.0,0.0126272,0.0,0.0,0.0,0.0,0.0,0.0,0.0,0.0,0.000942329,0.0,0.0,0.0,0.0,0.0,0.0,0.0,0.0,0.0,0.0,0.0,0.0,0.0,0.0,0.0,0.0,0.0,0.0,0.0,0.0,0.0,0.0,0.00207312,0.0,0.0,0.0,0.0,0.0,0.0,0.0,0.0,0.0,0.0,0.0,0.0,0.0,0.00414625,0.0,0.137015,0.000565398,0.0,0.0,0.0,0.0,0.0,0.00433472,0.0,0.000376932,0.0,0.0,0.0,0.0,0.0,0.0,0.0,0.314926,0.0105541,0.0,0.0,0.0,0.0,0.0,0.0,0.0,0.0,0.0,0.0,0.0]},{"sample_id":"761B","day":13.0,"comp":[0.0152387,0.0,0.0,0.0,0.0449712,0.0,0.0,0.0,0.0,0.0,0.0,0.0,0.000474094,0.00873688,0.0,0.0,0.0,0.875787,0.0,0.0,0.0,0.0,0.00108364,0.0,0.0,0.0,0.0,0.0,0.0,0.0,0.0,0.0,0.0,0.0,0.0,0.0,0.00853369,0.0,0.0,0.0,0.0,0.0,0.0,0.0,0.0,0.0,0.000474094,0.0,0.0,0.0,0.0,0.00406366,0.0,0.0,0.0,0.0,0.0,0.0,0.0,0.0,0.0,0.0,0.0,0.0,0.0,0.0,0.0,0.0,0.0,0.0,0.0,0.0,0.0,0.0,0.0,0.0,0.0,0.0,0.0,0.0,0.0,0.0,0.0,0.0,0.0,0.0,0.0,0.0,0.000880461,0.0,0.0,0.0,0.0,0.0,0.0,0.0,0.0,0.0,0.0,0.0,0.0,0.0,0.0,0.0,0.000541822,0.0,0.0360989,0.0,0.0,0.0,0.0,0.0,0.0,0.0,0.0,0.0,0.0,0.0,0.0,0.000270911,0.0,0.0,0.0,0.00284456,0.0,0.0,0.0,0.0,0.0,0.0,0.0,0.0,0.0,0.0,0.0,0.0]}],"schedule":{"penicillins":[[-155.0,-134.0],[-45.0,-20.0],[-15.0,-12.0],[7.0,8.0],[9.0,16.0],[128.0,128.0],[129.0,131.0]],"glycopeptide_antibiotics":[[-146.0,-143.0],[-142.0,-134.0],[-5.0,1.0],[7.0,11.0],[12.0,20.0],[21.0,23.0],[130.0,130.0],[131.0,133.0],[134.0,134.0],[135.0,135.0],[136.0,137.0],[139.0,141.0]],"carbapenems":[[-20.0,-15.0],[16.0,26.0],[131.0,131.0],[132.0,139.0]],"cephalosporins":[[-6.0,-6.0]],"quinolones":[[-6.0,6.0],[139.0,141.0],[142.0,144.0]],"metronidazole":[[130.0,130.0],[131.0,131.0]],"aztreonam":[[139.0,144.0]]},"abx_order":["aztreonam","carbapenems","cephalosporins","glycopeptide_antibiotics","metronidazole","penicillins","quinolones","aminoglycosides","glycylcyclines","leprostatics","lincomycin_derivatives","macrolide_derivatives","oxazolidinone_antibiotics","sulfonamides","tetracyclines"],"observed":[],"day_range":[-3.0,13.0]}