{"id":"789","samples":[{"sample_id":"789A","day":9.0,"comp":[0.00745033,0.0,0.0,0.0,0.112583,0.0,0.0,0.0,0.0,0.0,0.0,0.0,0.0,0.00496689,0.0,0.0,0.0,0.0,0.0,0.0,0.0,0.0,0.0,0.00165563,0.0,0.0,0.0,0.0,0.0,0.0,0.0,0.0,0.0,0.0,0.0,0.0,0.0,0.00496689,0.0,0.0,0.0,0.0,0.0,0.0,0.0,0.0,0.0,0.0,0.0,0.0,0.0,0.0,0.0,0.0,0.0,0.0,0.0,0.0,0.0,0.0,0.0,0.0,0.0728477,0.0653974,0.0,0.0,0.0,0.0,0.0,0.0,0.0,0.0,0.0,0.0,0.0,0.0,0.0,0.0,0.0,0.0,0.0,0.0,0.0,0.0,0.0,0.0,0.0,0.0,0.0,0.0,0.0,0.0,0.0,0.0,0.0,0.0,0.0,0.0,0.0,0.0,0.0711921,0.0,0.0,0.0,0.216887,0.0,0.330298,0.0,0.0,0.0,0.0,0.0,0.0,0.106788,0.0,0.00496689,0.0,0.0,0.0,0.0,0.0,0.0,0.0,0.0,0.0,0.0,0.0,0.0,0.0,0.0,0.0,0.0,0.0,0.0,0.0,0.0]},{"sample_id":"789B","day":10.0,"comp":[0.0,0.0,0.0,0.0,0.165148,0.0,0.0,0.0,0.0,0.0,0.0,0.0,0.0,0.00145826,0.0,0.0,0.0,0.0,0.0,0.0,0.0,0.0,0.0,0.0,0.0,0.0,0.0,0.0,0.0,0.0,0.0,0.0,0.0,0.0,0.0,0.0,0.00364564,0.0,0.0,0.0,0.0,0.0,0.0,0.0,0.0,0.0,0.0,0.0,0.0,0.0,0.0,0.0,0.0,0.0,0.0,0.0,0.0,0.0,0.0,0.0,0.0,0.0,0.034269,0.0444769,0.0,0.0,0.0,0.0,0.0251549,0.0,0.0,0.0,0.0,0.0,0.0,0.0,0.0,0.0,0.0,0.0,0.0,0.0,0.0,0.0,0.0,0.0,0.0,0.0,0.0,0.0,0.0,0.0,0.0,0.0,0.0,0.0,0.0,0.0,0.0,0.0,0.159315,0.0,0.0,0.0,0.149471,0.0,0.159679,0.0,0.0,0.0,0.0,0.0,0.0,0.257382,0.0,0.0,0.0,0.0,0.0,0.0,0.0,0.0,0.0,0.0,0.0,0.0,0.0,0.0,0.0,0.0,0.0,0.0,0.0,0.0,0.0,0.0]}],"schedule":{"metronidazole":[[-68.0,-53.0]],"penicillins":[[-68.0,-50.0],[-2.0,15.0],[328.0,357.0],[613.0,617.0],[630.0,630.0],[631.0,633.0],[653.0,659.0],[670.0,671.0],[673.0,674.0]],"glycopeptide_antibiotics":[[-67.0,-67.0],[-66.0,-66.0],[-2.0,2.0],[4.0,14.0],[328.0,333.0],[334.0,334.0],[630.0,632.0],[633.0,634.0],[637.0,639.0],[640.0,652.0],[653.0,657.0],[658.0,661.0],[670.0,670.0]],"quinolones":[[-2.0,-2.0],[612.0,612.0],[643.0,652.0],[653.0,653.0],[659.0,661.0],[670.0,670.0],[672.0,672.0],[674.0,674.0]],"aztreonam":[[339.0,348.0]],"macrolide_derivatives":[[632.0,632.0],[633.0,633.0]],"cephalosporins":[[633.0,635.0],[671.0,672.0]],"tetracyclines":[[634.0,637.0]],"carbapenems":[[635.0,635.0],[636.0,643.0]],"sulfonamides":[[637.0,637.0],[640.0,640.0],[642.0,642.0],[644.0,644.0],[647.0,647.0],[649.0,649.0],[651.0,651.0],[654.0,654.0],[656.0,656.0],[658.0,658.0],[661.0,661.0],[670.0,670.0],[672.0,672.0]]},"abx_order":["aztreonam","carbapenems","cephalosporins","glycopeptide_antibiotics","macrolide_derivatives","metronidazole","penicillins","quinolones","sulfonamides","tetracyclines","aminoglycosides","glycylcyclines","leprostatics","lincomycin_derivatives","oxazolidinone_antibiotics"],"observed":[],"day_range":[9.0,10.0]}