{"id":"790","samples":[{"sample_id":"790A","day":3.0,"comp":[0.00422654,0.0,0.0,0.0,0.0,0.0,0.0,0.000211327,0.0,0.0,0.0,0.0,0.0,0.0,0.0,0.0,0.0,0.0,0.0,0.0,0.0,0.0,0.0,0.0,0.0,0.0,0.0,0.0,0.0,0.0,0.0,0.0,0.0,0.0,0.0,0.0,0.991864,0.000316991,0.0,0.0,0.0,0.0,0.0,0.0,0.0,0.0,0.0,0.0,0.0,0.0,0.0,0.0,0.0,0.0,0.0,0.0,0.0,0.0,0.0,0.0,0.0,0.0,0.00169062,0.0,0.0,0.0,0.0,0.0,0.0,0.0,0.0,0.0,0.0,0.0,0.0,0.0,0.0,0.0,0.0,0.0,0.0,0.0,0.0,0.0,0.0,0.0,0.0,0.0,0.0,0.0,0.0,0.0,0.0,0.0,0.0,0.0,0.0,0.0,0.0,0.0,0.0,0.0,0.0,0.0,0.0,0.0,0.00147929,0.0,0.0,0.0,0.0,0.0,0.0,0.0,0.0,0.000211327,0.0,0.0,0.0,0.0,0.0,0.0,0.0,0.0,0.0,0.0,0.0,0.0,0.0,0.0,0.0,0.0,0.0,0.0,0.0,0.0]},{"sample_id":"790B","day":375.0,"comp":[0.0181818,0.0,0.0,0.0,0.0,0.0,0.0,0.0,0.0,0.0,0.0,0.0,0.0,0.0,0.0,0.0,0.0,0.0,0.0,0.0,0.0,0.0,0.0,0.0,0.0,0.0,0.0,0.0,0.0,0.0,0.0,0.0,0.0,0.0,0.0,0.0,0.952273,0.0,0.0,0.0,0.0,0.0,0.0,0.0,0.0,0.0,0.0,0.0,0.0,0.0,0.0,0.0,0.0,0.0,0.0,0.0,0.0,0.0,0.0,0.0,0.0,0.0,0.0,0.00340909,0.0,0.0,0.0,0.0,0.0,0.0,0.0,0.0,0.0,0.0,0.0,0.0,0.0,0.0,0.0,0.0,0.0,0.0,0.0,0.0,0.0,0.0,0.0,0.0,0.0,0.0,0.0,0.0,0.0,0.0,0.0,0.0,0.0,0.0,0.0,0.0,0.0,0.0,0.0,0.0,0.0,0.0,0.0261364,0.0,0.0,0.0,0.0,0.0,0.0,0.0,0.0,0.0,0.0,0.0,0.0,0.0,0.0,0.0,0.0,0.0,0.0,0.0,0.0,0.0,0.0,0.0,0.0,0.0,0.0,0.0,0.0,0.0]}],"schedule":{"cephalosporins":[[-10.0,-10.0],[472.0,473.0],[528.0,528.0]],"glycopeptide_antibiotics":[[-10.0,3.0],[5.0,5.0],[330.0,332.0],[469.0,469.0],[528.0,528.0],[536.0,537.0],[562.0,562.0],[565.0,569.0],[581.0,581.0],[582.0,587.0],[603.0,603.0],[605.0,605.0],[607.0,607.0],[617.0,619.0],[620.0,620.0]],"quinolones":[[-9.0,-1.0],[140.0,140.0],[142.0,142.0],[465.0,465.0],[584.0,584.0],[585.0,587.0]],"penicillins":[[0.0,10.0],[11.0,12.0],[140.0,142.0],[328.0,337.0],[368.0,371.0],[469.0,469.0],[529.0,530.0],[532.0,536.0],[581.0,583.0],[613.0,620.0]],"oxazolidinone_antibiotics":[[6.0,10.0],[11.0,14.0],[15.0,16.0],[17.0,17.0],[370.0,372.0],[469.0,469.0],[470.0,471.0]],"macrolide_derivatives":[[328.0,330.0],[331.0,332.0],[369.0,369.0],[370.0,370.0],[371.0,372.0],[373.0,373.0],[469.0,469.0],[470.0,470.0],[471.0,471.0],[561.0,562.0],[566.0,569.0],[581.0,582.0],[587.0,587.0],[591.0,591.0],[593.0,593.0],[613.0,619.0]],"carbapenems":[[371.0,373.0],[469.0,469.0],[470.0,472.0],[536.0,538.0]],"lincomycin_derivatives":[[371.0,373.0]],"sulfonamides":[[373.0,377.0],[469.0,471.0],[472.0,473.0],[529.0,535.0],[537.0,545.0],[560.0,562.0],[566.0,569.0],[582.0,583.0],[585.0,587.0],[603.0,605.0],[606.0,606.0],[607.0,615.0],[617.0,619.0]],"metronidazole":[[472.0,473.0]]},"abx_order":["carbapenems","cephalosporins","glycopeptide_antibiotics","lincomycin_derivatives","macrolide_derivatives","metronidazole","oxazolidinone_antibiotics","penicillins","quinolones","sulfonamides","aminoglycosides","aztreonam","glycylcyclines","leprostatics","tetracyclines"],"observed":[],"day_range":[3.0,375.0]}