{"id":"811","samples":[{"sample_id":"811A","day":-9.0,"comp":[0.299156,0.0,0.0,0.0,0.000894912,0.0,0.0366914,0.0,0.0,0.0,0.0,0.0,0.00370749,0.0,0.0,0.0,0.0,0.190488,0.0,0.0,0.0,0.0,0.0,0.069931,0.0,0.0,0.0,0.0,0.0,0.0,0.0,0.0,0.0,0.0,0.0,0.0,0.00664792,0.0392483,0.0,0.00178982,0.000511378,0.0,0.0,0.0405267,0.0,0.0,0.0,0.0,0.0,0.0,0.0,0.0,0.0,0.0,0.0,0.0,0.0141907,0.0,0.0083099,0.0,0.0,0.0,0.0349016,0.0,0.0,0.0,0.0,0.0,0.0,0.0,0.0,0.0,0.0,0.0,0.0,0.0,0.0,0.0,0.0,0.0,0.0,0.0,0.0,0.0,0.0,0.0,0.0108668,0.00178982,0.0,0.0,0.0,0.0,0.0,0.0,0.0,0.0,0.0187931,0.0,0.0,0.0,0.0,0.0,0.0,0.0,0.0,0.0,0.1056,0.0,0.0450013,0.0,0.0,0.000767067,0.0,0.0,0.0241626,0.0104833,0.0,0.0,0.0,0.0,0.0,0.0,0.0,0.028765,0.00677576,0.0,0.0,0.0,0.0,0.0,0.0,0.0,0.0,0.0,0.0,0.0]},{"sample_id":"811B","day":18.0,"comp":[0.0852262,0.0,0.0,0.0,0.0,0.0,0.0,0.0,0.0,0.0,0.0,0.0,0.0,0.0,0.000388274,0.0,0.0,0.00116482,0.0,0.0,0.0,0.0,0.0,0.0813434,0.0,0.0,0.0,0.0,0.0,0.0,0.0,0.0,0.0,0.0,0.0,0.0,0.493302,0.0,0.0,0.0,0.0,0.0,0.0,0.0,0.0,0.0,0.0,0.0,0.0,0.0,0.0,0.0,0.0,0.0,0.0,0.0,0.283634,0.0,0.0,0.0,0.0,0.0,0.022714,0.0,0.0,0.0,0.0,0.0,0.0,0.0,0.0,0.0,0.0,0.0,0.0,0.0,0.0,0.0,0.0,0.0,0.0,0.0,0.0,0.0,0.0,0.0,0.0,0.0,0.0,0.0,0.0,0.0,0.0,0.0,0.0,0.0,0.0,0.0,0.0,0.0,0.0,0.0,0.0,0.0,0.00698893,0.0,0.0252378,0.0,0.0,0.0,0.0,0.0,0.0,0.0,0.0,0.0,0.0,0.0,0.0,0.0,0.0,0.0,0.0,0.0,0.0,0.0,0.0,0.0,0.0,0.0,0.0,0.0,0.0,0.0,0.0,0.0]}],"schedule":{"sulfonamides":[[-833.0,-833.0],[-831.0,-831.0],[-828.0,-828.0]],"penicillins":[[-824.0,-819.0]],"cephalosporins":[[-819.0,-807.0],[-747.0,-722.0],[-677.0,-676.0],[-663.0,-660.0],[-608.0,-608.0],[-607.0,-592.0],[-440.0,-439.0],[-122.0,-103.0],[-1.0,4.0]],"glycopeptide_antibiotics":[[-809.0,-806.0],[-747.0,-722.0],[-663.0,-660.0],[-616.0,-615.0],[-608.0,-603.0],[-602.0,-593.0],[-4.0,4.0],[6.0,11.0],[26.0,26.0],[27.0,27.0]],"carbapenems":[[-807.0,-804.0],[4.0,12.0],[27.0,29.0]],"metronidazole":[[-741.0,-722.0],[-608.0,-608.0],[-607.0,-592.0],[-506.0,-505.0],[-120.0,-103.0]],"leprostatics":[[-615.0,-609.0],[-607.0,-592.0],[-505.0,-502.0],[-476.0,-469.0],[-440.0,-436.0],[-397.0,-396.0],[-358.0,-351.0],[-130.0,-104.0]],"quinolones":[[-505.0,-505.0],[-439.0,-437.0],[-4.0,-2.0],[28.0,34.0]],"oxazolidinone_antibiotics":[[4.0,6.0],[27.0,29.0]],"aztreonam":[[26.0,26.0],[27.0,27.0]]},"abx_order":["aztreonam","carbapenems","cephalosporins","glycopeptide_antibiotics","leprostatics","metronidazole","oxazolidinone_antibiotics","penicillins","quinolones","sulfonamides","aminoglycosides","glycylcyclines","lincomycin_derivatives","macrolide_derivatives","tetracyclines"],"observed":[],"day_range":[-9.0,18.0]}