{"id":"838","samples":[{"sample_id":"838A","day":-9.0,"comp":[0.167849,0.0,0.0,0.0,0.00176047,0.0,0.0173296,0.0,0.0,0.0,0.0,0.000165044,0.105683,0.0,0.0,0.0,0.0,0.355999,0.0,0.0,0.0,0.0,0.0,0.0,0.0060516,0.0,0.0,0.0,0.0,0.0,0.0,0.0,0.0,0.00781207,0.00121032,0.0,0.00522638,0.0834021,0.0,0.0,0.000110029,0.0,0.00676679,0.0308632,0.00286076,0.0,0.0,0.0,0.0211806,0.0,0.0,0.000385102,0.0,0.0,0.00148539,0.0,0.0,0.0,0.00621665,0.0,0.000550146,0.0,0.0,0.00434615,0.000550146,0.0,0.000440117,0.0,0.0,0.0,0.000825219,0.0,0.0,0.0,0.0,0.0,0.0,0.0,0.0,0.0,0.0,0.0,0.0,0.0,0.0,0.0,0.0,0.0,0.0,0.0,0.0127634,0.000275073,0.0,0.0,0.00126534,0.0,0.00269571,0.00159542,0.0,0.0,0.0,0.00385102,0.0,0.0,0.0,0.0,0.0143038,0.026407,0.000825219,0.0,0.000495131,0.0,0.000935248,0.0,0.0,0.0456071,0.000220058,0.0457171,0.000550146,0.00176047,0.0,0.00071519,0.0,0.00242064,0.00852726,0.0,0.0,0.0,0.0,0.0,0.0,0.0,0.0,0.0,0.0,0.0]},{"sample_id":"838B","day":-2.0,"comp":[0.0480956,0.0,0.0,0.0,0.0030581,0.0,0.00222408,0.0,0.0,0.0,0.0,0.0,0.0155685,0.0,0.0130664,0.0,0.0,0.493467,0.00250209,0.0,0.0,0.0,0.0,0.0,0.0,0.0,0.0,0.0,0.0,0.0,0.0,0.0,0.0,0.0,0.00333611,0.0030581,0.00222408,0.0325271,0.0,0.0,0.0,0.0,0.0,0.0,0.0,0.0,0.0102863,0.0,0.0244648,0.0,0.0,0.0,0.0,0.0,0.0,0.0,0.0,0.0,0.0244648,0.0,0.0,0.0,0.0,0.0088963,0.0,0.0,0.0,0.0,0.0,0.0,0.0,0.0,0.0,0.0,0.0,0.0,0.0,0.0,0.0,0.0,0.0,0.00528218,0.0,0.0,0.0,0.0,0.0,0.0,0.0,0.00111204,0.00194607,0.00472616,0.0,0.0,0.0,0.0,0.0,0.0,0.0,0.0,0.0,0.0,0.0,0.0,0.0,0.0,0.0127884,0.0,0.0,0.0,0.00278009,0.0,0.0,0.0,0.0,0.0494857,0.0,0.0,0.0,0.0,0.0,0.0,0.0,0.23464,0.0,0.0,0.0,0.0,0.0,0.0,0.0,0.0,0.0,0.0,0.0,0.0]}],"schedule":{"penicillins":[[-106.0,-75.0],[9.0,12.0]],"glycopeptide_antibiotics":[[-93.0,-75.0],[-2.0,10.0],[11.0,11.0]],"cephalosporins":[[-12.0,-12.0]],"sulfonamides":[[-10.0,-2.0]],"quinolones":[[-5.0,9.0]]},"abx_order":["cephalosporins","glycopeptide_antibiotics","penicillins","quinolones","sulfonamides","aminoglycosides","aztreonam","carbapenems","glycylcyclines","leprostatics","lincomycin_derivatives","macrolide_derivatives","metronidazole","oxazolidinone_antibiotics","tetracyclines"],"observed":[],"day_range":[-9.0,-2.0]}