{"id":"937","samples":[{"sample_id":"937B","day":1.0,"comp":[0.28599,0.0,0.0,0.0,0.0,0.0,0.0074059,0.0,0.000405803,0.0,0.0,0.00466673,0.00760881,0.0,0.0235366,0.0,0.0,0.0998275,0.0,0.0746677,0.0,0.0,0.0,0.0,0.0566095,0.0,0.0,0.0,0.0,0.00172466,0.0,0.000710155,0.0,0.1119,0.0106523,0.025667,0.00192756,0.0,0.0,0.0,0.0,0.0,0.0,0.0,0.0135944,0.0,0.00608704,0.0,0.00608704,0.0,0.0,0.0,0.0,0.0,0.0,0.0,0.0,0.0,0.00344933,0.0,0.0,0.0,0.0170437,0.000710155,0.0,0.0,0.00446383,0.0,0.000913057,0.0,0.0,0.000710155,0.0,0.0,0.0796388,0.0,0.0,0.0,0.0,0.0,0.0,0.00324642,0.0,0.0,0.0,0.0,0.0,0.0,0.0,0.0,0.00821751,0.00192756,0.00273917,0.00152176,0.00233337,0.000710155,0.0,0.0,0.0,0.0,0.0,0.0213047,0.0,0.0,0.0,0.0,0.0401745,0.00476819,0.0,0.0,0.0,0.00557979,0.0,0.0,0.00131886,0.00375368,0.00142031,0.00182611,0.0,0.0398701,0.0,0.0,0.00111596,0.0121741,0.0,0.0,0.0,0.0,0.0,0.0,0.0,0.0,0.0,0.0,0.0,0.0]},{"sample_id":"937C","day":11.0,"comp":[0.06,0.0,0.0,0.0,0.0,0.0,0.0,0.0,0.0,0.0,0.0,0.0,0.0,0.0,0.0,0.0,0.0,0.0166667,0.0,0.025,0.0,0.0,0.0,0.0,0.0,0.0,0.0,0.0,0.0,0.0,0.0,0.0,0.0,0.0,0.0,0.0,0.0166667,0.0,0.0,0.0,0.0,0.0,0.0,0.0,0.0,0.0,0.0,0.0,0.0,0.0,0.0,0.0,0.0,0.0,0.0,0.0,0.0,0.0,0.0,0.0,0.0,0.0,0.1,0.00833333,0.0,0.0,0.0,0.0,0.0,0.0,0.0,0.0,0.0,0.0,0.0,0.0,0.0,0.0,0.0,0.0,0.0,0.0,0.0,0.0,0.0,0.0116667,0.0,0.0,0.0,0.0,0.0,0.0,0.0,0.0,0.0,0.0,0.0,0.0,0.0,0.0,0.0,0.0,0.0,0.0,0.631667,0.0,0.085,0.0,0.0,0.0,0.0,0.0,0.0,0.045,0.0,0.0,0.0,0.0,0.0,0.0,0.0,0.0,0.0,0.0,0.0,0.0,0.0,0.0,0.0,0.0,0.0,0.0,0.0,0.0,0.0,0.0]}],"schedule":{"sulfonamides":[[-90.0,-88.0],[-6.0,-2.0],[32.0,32.0],[222.0,222.0],[1103.0,1112.0]],"quinolones":[[-14.0,-14.0],[-2.0,3.0],[1057.0,1057.0]],"glycopeptide_antibiotics":[[-2.0,12.0],[251.0,251.0],[252.0,252.0],[916.0,917.0]],"penicillins":[[3.0,12.0],[251.0,258.0],[918.0,919.0],[1102.0,1106.0]],"cephalosporins":[[76.0,76.0],[916.0,918.0]],"macrolide_derivatives":[[825.0,825.0],[827.0,827.0],[904.0,904.0],[907.0,907.0],[909.0,909.0]],"metronidazole":[[916.0,918.0]]},"abx_order":["cephalosporins","glycopeptide_antibiotics","macrolide_derivatives","metronidazole","penicillins","quinolones","sulfonamides","aminoglycosides","aztreonam","carbapenems","glycylcyclines","leprostatics","lincomycin_derivatives","oxazolidinone_antibiotics","tetracyclines"],"observed":[],"day_range":[1.0,11.0]}