{"id":"951","samples":[{"sample_id":"951A","day":-6.0,"comp":[0.230638,0.0,0.0,0.0,0.00240737,0.0,0.00587165,0.0806764,0.00158534,0.0,0.0,0.0,0.0422171,0.0,0.00780929,0.00434502,0.0,0.186953,0.0035817,0.0,0.0,0.000293582,0.0,0.000293582,0.00593036,0.000939463,0.00275967,0.0,0.0,0.0,0.0,0.0,0.00240737,0.00152663,0.0,0.00082203,0.00117433,0.00951207,0.0,0.00228994,0.0,0.0,0.0130351,0.0,0.0141507,0.0,0.0,0.0,0.0,0.0,0.0,0.000645881,0.0,0.0,0.000704597,0.0,0.00945335,0.0,0.00475603,0.0,0.00328812,0.0,0.000293582,0.0785039,0.0,0.0,0.0,0.0,0.0,0.0,0.00211379,0.0,0.0,0.0,0.0,0.0,0.0,0.000293582,0.0,0.0,0.0,0.0,0.0,0.0,0.0,0.0,0.0,0.00957078,0.0,0.0,0.00193764,0.0,0.00264224,0.00622394,0.00152663,0.0,0.0,0.0,0.0156773,0.0756268,0.0,0.0,0.0,0.0,0.0,0.0,0.0758617,0.0166755,0.0,0.00234866,0.0,0.0,0.00334684,0.000293582,0.0,0.0160296,0.0,0.0268334,0.0,0.0035817,0.0,0.0,0.00187893,0.000763314,0.0179085,0.0,0.0,0.0,0.0,0.0,0.0,0.0,0.0,0.0,0.0,0.0]},{"sample_id":"951B","day":19.0,"comp":[0.0703518,0.0,0.0,0.0,0.0201005,0.0,0.0,0.0,0.0,0.0,0.0,0.0,0.0,0.0,0.0,0.0,0.0,0.0,0.0,0.0,0.0,0.0,0.0,0.0,0.0,0.0,0.0,0.0,0.0,0.0,0.0,0.0,0.0,0.0,0.0,0.0,0.0,0.0,0.0,0.0,0.0,0.0,0.0,0.0,0.0,0.0,0.0,0.0,0.0,0.0,0.0,0.0,0.0,0.0,0.0,0.0,0.0,0.0,0.0,0.0,0.0,0.0,0.163317,0.0175879,0.0,0.0,0.414573,0.0,0.0,0.0,0.0,0.0,0.0,0.0,0.0,0.0,0.0,0.0,0.0,0.0,0.0,0.0,0.0,0.0,0.0,0.0,0.0,0.0,0.0,0.0,0.0,0.0,0.0,0.0,0.0,0.0,0.0,0.0,0.0,0.0,0.0,0.0,0.0,0.0,0.0,0.0,0.226131,0.0,0.0,0.0,0.0,0.0,0.0,0.0879397,0.0,0.0,0.0,0.0,0.0,0.0,0.0,0.0,0.0,0.0,0.0,0.0,0.0,0.0,0.0,0.0,0.0,0.0,0.0,0.0,0.0,0.0]}],"schedule":{"glycopeptide_antibiotics":[[-75.0,-75.0],[-2.0,1.0],[4.0,20.0],[81.0,86.0],[212.0,213.0],[557.0,557.0]],"penicillins":[[-75.0,-65.0],[6.0,8.0],[80.0,80.0],[81.0,81.0],[83.0,86.0],[212.0,213.0],[557.0,557.0],[558.0,565.0]],"sulfonamides":[[-7.0,-2.0],[558.0,558.0]],"quinolones":[[-2.0,6.0]],"metronidazole":[[0.0,7.0],[81.0,82.0]],"carbapenems":[[8.0,20.0],[81.0,83.0]]},"abx_order":["carbapenems","glycopeptide_antibiotics","metronidazole","penicillins","quinolones","sulfonamides","aminoglycosides","aztreonam","cephalosporins","glycylcyclines","leprostatics","lincomycin_derivatives","macrolide_derivatives","oxazolidinone_antibiotics","tetracyclines"],"observed":[],"day_range":[-6.0,19.0]}