{"id":"pt_with_samples_1044_1045_1046_1047","samples":[{"sample_id":"1044","day":-5.0,"comp":[0.151884,0.0,0.0,0.0,0.00248251,0.0,0.0153464,0.0236967,0.00180546,0.0,0.0,0.0,0.00880162,0.0,0.0148951,0.0121869,0.0,0.125254,0.00203114,0.0,0.0,0.0,0.0,0.0460393,0.0,0.000677048,0.0216655,0.0,0.0,0.0,0.0,0.0,0.0,0.0,0.0,0.0,0.0121869,0.0173776,0.0,0.000902731,0.00225683,0.0,0.111036,0.00112841,0.0,0.0,0.0,0.0,0.0,0.0,0.0,0.0,0.0,0.0,0.0,0.00203114,0.0541638,0.0,0.0,0.0,0.0,0.0,0.00203114,0.0,0.0,0.0,0.0,0.0,0.0,0.0,0.0,0.0,0.0,0.00112841,0.00361092,0.0,0.0,0.0,0.0,0.0,0.0,0.0,0.0,0.0,0.0,0.0,0.00609343,0.00203114,0.0,0.0,0.0187317,0.0,0.0,0.00609343,0.0,0.00180546,0.0,0.0,0.00451365,0.228617,0.0,0.00406229,0.0,0.0,0.00157978,0.0,0.0146694,0.0,0.0151207,0.00112841,0.0,0.0,0.00315956,0.0,0.0,0.00473934,0.0,0.00541638,0.0,0.0,0.0,0.0,0.0,0.0239224,0.0236967,0.0,0.0,0.0,0.0,0.0,0.0,0.0,0.0,0.0,0.0,0.0]},{"sample_id":"1045","day":2.0,"comp":[0.00824176,0.0,0.0,0.0,0.0,0.0,0.0,0.0130495,0.0,0.0,0.0,0.0,0.0,0.0,0.0,0.0,0.0,0.0,0.0,0.0,0.0,0.0,0.0,0.0,0.0,0.0,0.0,0.0,0.0,0.0,0.0,0.0,0.0,0.0,0.0,0.0,0.971154,0.0,0.0,0.0,0.0,0.0,0.0,0.0,0.0,0.0,0.0,0.0,0.0,0.0,0.0,0.0,0.0,0.0,0.0,0.0,0.0,0.0,0.0,0.0,0.0,0.0,0.0,0.0,0.0,0.0,0.0,0.0,0.0,0.0,0.0,0.0,0.0,0.0,0.0,0.0,0.0,0.0,0.0,0.0,0.0,0.0,0.0,0.0,0.0,0.0,0.0,0.0,0.0,0.0,0.0,0.0,0.0,0.0,0.0,0.0,0.0,0.0,0.0,0.00171703,0.0,0.0,0.0,0.0,0.0,0.0,0.0,0.0,0.0,0.0,0.0,0.0,0.0,0.0,0.00583791,0.0,0.0,0.0,0.0,0.0,0.0,0.0,0.0,0.0,0.0,0.0,0.0,0.0,0.0,0.0,0.0,0.0,0.0,0.0,0.0,0.0]},{"sample_id":"1047","day":18.0,"comp":[0.00906058,0.0,0.0,0.0,0.0,0.0,0.0,0.000453029,0.0,0.0,0.0,0.0,0.0,0.0,0.000823689,0.000494214,0.000123553,0.000535398,0.0,0.0,0.0,0.0,0.0,0.0,0.0,0.0,0.0,0.0,0.0,0.0,0.0,0.0,0.0,0.0,0.0,0.0,0.773609,0.000617767,0.0,0.000823689,0.0,0.0,0.0,0.000164738,0.0,0.0,0.0,0.0,0.0,0.0,0.0,0.0,0.0,0.0,0.0,0.0,0.000700136,0.0,0.0,0.0,0.0,0.0,0.00510687,0.0,0.0,0.0,0.0,0.0,0.0,0.0,0.0,0.0,0.0,0.0,0.0,0.0,0.0,0.0,0.0,0.0,0.0,0.0,0.0,0.0,0.0,0.0,0.0,0.0,0.0,0.0,0.0,0.0,0.0,0.0,0.0,0.0,0.0,0.0,0.0,0.000164738,0.0,0.0,0.0,0.0,0.0023887,0.0,0.201845,0.000535398,0.0,0.0,0.0,0.0,0.0,0.0,0.000617767,0.00102961,0.0,0.0,0.0,0.0,0.0,0.0,0.0,0.000411845,0.000494214,0.0,0.0,0.0,0.0,0.0,0.0,0.0,0.0,0.0,0.0,0.0]}],"schedule":{"sulfonamides":[[-6.0,-3.0]],"penicillins":[[-4.0,9.0],[23.0,26.0],[54.0,62.0],[86.0,86.0]],"glycopeptide_antibiotics":[[-4.0,-4.0],[-3.0,-3.0],[-2.0,-2.0],[-1.0,0.0],[1.0,8.0],[10.0,11.0],[13.0,16.0],[18.0,19.0],[21.0,22.0],[25.0,25.0],[27.0,27.0],[29.0,29.0],[30.0,30.0],[31.0,34.0],[36.0,36.0],[39.0,39.0],[40.0,46.0],[54.0,54.0],[55.0,56.0]],"oxazolidinone_antibiotics":[[-3.0,-2.0],[8.0,10.0],[11.0,13.0],[16.0,18.0],[86.0,95.0]],"quinolones":[[9.0,9.0],[71.0,77.0]],"cephalosporins":[[9.0,10.0],[11.0,23.0],[86.0,86.0]],"metronidazole":[[11.0,23.0]],"aminoglycosides":[[16.0,16.0],[17.0,19.0],[20.0,21.0]],"carbapenems":[[26.0,50.0],[86.0,95.0]],"macrolide_derivatives":[[53.0,53.0],[54.0,55.0],[56.0,64.0],[65.0,75.0],[76.0,86.0],[87.0,95.0]]},"abx_order":["aminoglycosides","carbapenems","cephalosporins","glycopeptide_antibiotics","macrolide_derivatives","metronidazole","oxazolidinone_antibiotics","penicillins","quinolones","sulfonamides","aztreonam","glycylcyclines","leprostatics","lincomycin_derivatives","tetracyclines"],"observed":[],"day_range":[-5.0,18.0]}