{"id":"pt_with_samples_2018_796","samples":[{"sample_id":"2018A","day":-107.0,"comp":[0.0141885,0.0,0.0,0.0,0.00237675,0.0,0.000288091,0.0,0.0,0.0,0.0,0.0,0.00154849,0.0,0.0,0.328244,0.0,0.00111635,0.0,0.0,0.0,0.0,0.0,0.0,0.0,0.0,0.0,0.0,0.0,0.0,0.0,0.0,0.000108034,0.00172855,0.0,0.0,0.117433,0.000108034,0.0,0.153192,0.0,0.0,0.000576182,0.0,0.0,0.0,0.0,0.0,0.0,0.0,0.0,0.000324102,0.000288091,0.0,0.000108034,0.0,0.0,0.0,0.000576182,0.0,0.0,0.0,0.183946,0.0,0.0,0.0,0.0,0.0,0.0,0.0,0.0,0.0,0.0,0.0,0.000144046,0.0,0.0146206,0.0,0.0,0.0,0.0,0.0,0.0,0.0,0.0,0.0,0.0,0.0,0.000288091,0.0,0.0,0.0,0.0,0.0,0.0,0.0,0.0,0.0,0.0,0.000324102,0.0,0.000288091,0.0,0.0,0.0,0.0,0.177824,0.0,0.0,0.0,0.0,0.0,0.0,0.0,0.0,0.000360114,0.0,0.0,0.0,0.0,0.0,0.0,0.0,0.0,0.0,0.0,0.0,0.0,0.0,0.0,0.0,0.0,0.0,0.0,0.0,0.0]},{"sample_id":"2018B","day":-105.0,"comp":[0.0444833,0.000113659,0.0,0.0,0.000255733,0.0,0.0,4.26221e-05,0.0,0.0,0.0,0.0,7.10369e-05,0.0,0.000156281,0.285341,0.0,0.000483051,0.0,0.0,0.0,0.0,0.0,0.0,9.94516e-05,0.0,0.0,0.0,0.0,0.0,0.0,0.0,0.0,0.0,0.0,0.0,0.304734,0.0146336,0.0,0.107564,0.0,0.0,0.000412014,4.26221e-05,0.0,0.0,0.0,0.0,0.0,0.0,0.0,0.00103714,0.0243088,0.0,0.0,0.0,0.0,0.0,8.52442e-05,0.0,0.0,0.0,0.0181286,0.00143494,0.0,0.0,0.0,0.0,7.10369e-05,0.0,0.0,0.0,0.0,0.0,0.000440428,0.0,0.0185122,0.0,0.000127866,0.0,0.0,0.0,0.0,0.0,0.0,0.0,0.0,0.0,0.000198903,0.0,0.0,0.0,0.0,0.0,0.0,0.0,0.0,0.0,0.0,0.000113659,0.0,0.0,0.0,0.0,0.0,0.0,0.176683,0.000184696,0.0,0.0,0.0,0.0,0.0,0.0,0.0,0.000241525,0.0,0.0,0.0,0.0,0.0,0.0,0.0,0.0,0.0,0.0,0.0,0.0,0.0,0.0,0.0,0.0,0.0,0.0,0.0,0.0]},{"sample_id":"796A","day":3.0,"comp":[0.0044642,0.0,0.0,0.0,9.26183e-05,0.0,0.0,3.70473e-05,0.0,0.0,0.0,0.0,0.0,0.0,0.221765,0.000111142,0.0,0.000185237,0.0,0.0,0.0,0.0,0.0,0.0,0.0,0.0,0.0,0.0,0.0,0.0,0.0,0.0,0.0,0.0,0.0,0.0,0.00216727,0.000148189,0.0,0.00020376,0.0,0.0,0.000277855,0.0,0.0,0.0,0.0,0.0,0.0,0.0,0.0,0.0,0.0,0.00390849,0.0,0.0,0.0,0.0,0.0,0.0,0.0,0.0,0.756729,0.0,0.0,0.0,0.0,0.0,0.0,0.0,0.0,0.0,0.0,0.0,0.00828008,0.0,5.5571e-05,0.0,0.0,0.0,0.0,9.26183e-05,0.0,0.0,0.0,0.0,0.0,0.0,0.0,0.0,0.0,0.0,0.0,0.0,0.0,0.0,0.0,0.0,0.0,0.000129666,0.0,0.0,0.0,0.0,0.0,0.0,0.000666852,0.0,0.0,0.0,0.0,0.0,0.0,9.26183e-05,0.0,0.000277855,0.0,0.0,0.0,0.0,0.0,0.0,0.0,0.000314902,0.0,0.0,0.0,0.0,0.0,0.0,0.0,0.0,0.0,0.0,0.0,0.0]}],"schedule":{"metronidazole":[[-110.0,-103.0]],"penicillins":[[-103.0,-98.0],[181.0,182.0],[269.0,281.0],[1617.0,1617.0],[1836.0,1836.0],[1837.0,1838.0],[1848.0,1850.0],[1863.0,1865.0],[1887.0,1887.0]],"glycopeptide_antibiotics":[[-102.0,-102.0],[-101.0,-99.0],[-98.0,-87.0],[-75.0,-75.0],[-74.0,-68.0],[-3.0,-3.0],[-2.0,12.0],[14.0,16.0],[274.0,284.0],[1293.0,1293.0],[1611.0,1611.0],[1612.0,1612.0],[1614.0,1616.0],[1887.0,1887.0]],"carbapenems":[[-98.0,-67.0],[1838.0,1847.0],[1887.0,1887.0]],"sulfonamides":[[-10.0,-4.0],[-3.0,-2.0]],"cephalosporins":[[-3.0,12.0],[14.0,16.0],[182.0,185.0]],"quinolones":[[23.0,23.0],[27.0,29.0],[159.0,159.0],[160.0,170.0],[244.0,244.0],[257.0,257.0],[258.0,258.0],[434.0,438.0],[1610.0,1610.0],[1612.0,1612.0],[1614.0,1614.0],[1616.0,1616.0],[1847.0,1847.0],[1887.0,1887.0]],"macrolide_derivatives":[[181.0,181.0],[182.0,182.0],[434.0,434.0],[437.0,437.0],[1087.0,1088.0],[1131.0,1132.0],[1144.0,1144.0],[1219.0,1223.0],[1290.0,1290.0],[1293.0,1301.0],[1611.0,1611.0],[1837.0,1837.0],[1838.0,1841.0],[1887.0,1887.0]],"lincomycin_derivatives":[[1299.0,1301.0]],"oxazolidinone_antibiotics":[[1613.0,1614.0]]},"abx_order":["carbapenems","cephalosporins","glycopeptide_antibiotics","lincomycin_derivatives","macrolide_derivatives","metronidazole","oxazolidinone_antibiotics","penicillins","quinolones","sulfonamides","aminoglycosides","aztreonam","glycylcyclines","leprostatics","tetracyclines"],"observed":[],"day_range":[-107.0,3.0]}