{"id":"pt_with_samples_1081_1082_1083_1084_1085","samples":[{"sample_id":"1081","day":-7.0,"comp":[0.0227889,0.0,0.0,0.0,0.032013,0.0,0.0,0.0,0.0,0.0,0.0,0.0,0.00325556,0.0,0.0,0.0,0.0,0.0,0.0,0.0,0.0,0.0,0.0,0.0,0.0,0.0,0.0,0.0,0.0,0.0,0.0,0.0,0.0,0.0,0.0,0.0,0.0,0.0,0.0,0.0,0.0,0.0,0.0,0.0,0.0,0.0,0.0,0.0,0.0,0.0,0.0,0.0,0.0,0.0,0.0,0.0,0.0,0.0,0.0,0.0,0.0,0.0,0.0113945,0.46446,0.0,0.0,0.0,0.0,0.0,0.0,0.0,0.0,0.0,0.0,0.0,0.0,0.0,0.0,0.0,0.0,0.0,0.0,0.0,0.0,0.0,0.0,0.0,0.0,0.0151926,0.0,0.0,0.0,0.0,0.0,0.0,0.0,0.0,0.0,0.0,0.0,0.0,0.0,0.0,0.0,0.0,0.0,0.450895,0.0,0.0,0.0,0.0,0.0,0.0,0.0,0.0,0.0,0.0,0.0,0.0,0.0,0.0,0.0,0.0,0.0,0.0,0.0,0.0,0.0,0.0,0.0,0.0,0.0,0.0,0.0,0.0,0.0]},{"sample_id":"1082","day":0.0,"comp":[0.1563,0.0,0.0,0.0,0.0318979,0.0,0.0,0.0,0.0,0.0,0.0,0.0,0.0,0.0,0.0,0.00956938,0.0,0.0,0.0,0.0,0.0,0.0,0.0446571,0.106858,0.0,0.0,0.0,0.0,0.0,0.0,0.0,0.0,0.0,0.0,0.0,0.0,0.0,0.0574163,0.0,0.0,0.0,0.0,0.0,0.0,0.0,0.0,0.0,0.0,0.0,0.00797448,0.0,0.0,0.0,0.0,0.0,0.0,0.137161,0.0,0.100478,0.0,0.0,0.0,0.0,0.0,0.0,0.0,0.0,0.0,0.0,0.0,0.0,0.0,0.0,0.0,0.0,0.0,0.0,0.0,0.0,0.0,0.0,0.0,0.0,0.0,0.0,0.0,0.0,0.0,0.0,0.0,0.0,0.0,0.0,0.0,0.0,0.0,0.0,0.0,0.0,0.00637959,0.0,0.015949,0.0,0.0,0.0,0.0,0.157895,0.0,0.0,0.0,0.0,0.0,0.0,0.0318979,0.0,0.116427,0.0,0.0,0.0,0.0,0.0,0.0,0.0,0.0191388,0.0,0.0,0.0,0.0,0.0,0.0,0.0,0.0,0.0,0.0,0.0,0.0]}],"schedule":{"aminoglycosides":[[-322.0,-322.0]],"quinolones":[[-322.0,-322.0],[-321.0,-313.0],[-167.0,-167.0],[-166.0,-156.0],[-20.0,-20.0],[-19.0,-10.0],[-3.0,11.0],[26.0,27.0],[35.0,40.0],[52.0,52.0],[53.0,53.0],[84.0,84.0],[85.0,85.0],[86.0,87.0],[447.0,453.0],[470.0,470.0]],"penicillins":[[-322.0,-322.0],[-321.0,-313.0],[-167.0,-167.0],[-166.0,-154.0],[-20.0,-10.0],[-7.0,1.0],[25.0,25.0],[26.0,28.0],[48.0,48.0],[49.0,52.0],[54.0,59.0],[84.0,87.0],[109.0,113.0],[373.0,388.0],[470.0,478.0]],"sulfonamides":[[-317.0,-315.0],[-163.0,-161.0],[-156.0,-154.0],[-16.0,-16.0],[-15.0,-14.0],[-7.0,-2.0],[49.0,56.0],[471.0,471.0],[474.0,474.0],[476.0,476.0],[478.0,478.0]],"glycopeptide_antibiotics":[[-167.0,-167.0],[-166.0,-157.0],[-20.0,-20.0],[-19.0,-11.0],[-3.0,12.0],[50.0,53.0],[55.0,55.0],[374.0,377.0],[378.0,379.0],[380.0,383.0],[384.0,388.0],[446.0,446.0],[447.0,448.0],[449.0,450.0],[451.0,452.0],[453.0,453.0]],"metronidazole":[[-166.0,-156.0]],"cephalosporins":[[1.0,18.0]],"macrolide_derivatives":[[56.0,58.0],[185.0,185.0],[186.0,193.0]],"carbapenems":[[184.0,194.0]]},"abx_order":["aminoglycosides","carbapenems","cephalosporins","glycopeptide_antibiotics","macrolide_derivatives","metronidazole","penicillins","quinolones","sulfonamides","aztreonam","glycylcyclines","leprostatics","lincomycin_derivatives","oxazolidinone_antibiotics","tetracyclines"],"observed":[],"day_range":[-7.0,0.0]}